STATION,ELEVATION,LATITUDE,LONGITUDE,DATE,TMAX,TMIN
GHCND:USW00012839,3.7,25.8,-80.3,19930817,91,75
GHCND:USW00012839,3.7,25.8,-80.3,19930818,94,77
GHCND:USW00012839,3.7,25.8,-80.3,19930819,94,79
GHCND:USW00012839,3.7,25.8,-80.3,19930820,95,78
GHCND:USW00012839,3.7,25.8,-80.3,19930821,97,80
GHCND:USW00012839,3.7,25.8,-80.3,19930822,96,78
GHCND:USW00012839,3.7,25.8,-80.3,19930823,94,77
GHCND:USW00012839,3.7,25.8,-80.3,19930824,93,76
GHCND:USW00012839,3.7,25.8,-80.3,19930825,87,74
GHCND:USW00012839,3.7,25.8,-80.3,19930826,89,75
GHCND:USW00012839,3.7,25.8,-80.3,19930827,91,75
GHCND:USW00012839,3.7,25.8,-80.3,19930828,92,77
GHCND:USW00012839,3.7,25.8,-80.3,19930829,87,77
GHCND:USW00012839,3.7,25.8,-80.3,19930830,87,76
GHCND:USW00012839,3.7,25.8,-80.3,19930831,91,75
GHCND:USW00012839,3.7,25.8,-80.3,19930901,90,74
GHCND:USW00012839,3.7,25.8,-80.3,19930902,87,74
GHCND:USW00012839,3.7,25.8,-80.3,19930903,90,75
GHCND:USW00012839,3.7,25.8,-80.3,19930904,91,79
GHCND:USW00012839,3.7,25.8,-80.3,19930905,91,80
GHCND:USW00012839,3.7,25.8,-80.3,19930906,92,76
GHCND:USW00012839,3.7,25.8,-80.3,19930907,90,77
GHCND:USW00012839,3.7,25.8,-80.3,19930908,89,78
GHCND:USW00012839,3.7,25.8,-80.3,19930909,90,77
GHCND:USW00012839,3.7,25.8,-80.3,19930910,93,76
GHCND:USW00012839,3.7,25.8,-80.3,19930911,93,76
GHCND:USW00012839,3.7,25.8,-80.3,19930912,89,76
GHCND:USW00012839,3.7,25.8,-80.3,19930913,89,74
GHCND:USW00012839,3.7,25.8,-80.3,19930914,84,75
GHCND:USW00012839,3.7,25.8,-80.3,19930915,87,77
GHCND:USW00012839,3.7,25.8,-80.3,19930916,89,76
GHCND:USW00012839,3.7,25.8,-80.3,19930917,89,77
GHCND:USW00012839,3.7,25.8,-80.3,19930918,90,80
GHCND:USW00012839,3.7,25.8,-80.3,19930919,89,78
GHCND:USW00012839,3.7,25.8,-80.3,19930920,88,79
GHCND:USW00012839,3.7,25.8,-80.3,19930921,91,78
GHCND:USW00012839,3.7,25.8,-80.3,19930922,89,78
GHCND:USW00012839,3.7,25.8,-80.3,19930923,89,78
GHCND:USW00012839,3.7,25.8,-80.3,19930924,91,76
GHCND:USW00012839,3.7,25.8,-80.3,19930925,89,77
GHCND:USW00012839,3.7,25.8,-80.3,19930926,91,77
GHCND:USW00012839,3.7,25.8,-80.3,19930927,89,77
GHCND:USW00012839,3.7,25.8,-80.3,19930928,87,76
GHCND:USW00012839,3.7,25.8,-80.3,19930929,87,75
GHCND:USW00012839,3.7,25.8,-80.3,19930930,86,75
GHCND:USW00012839,3.7,25.8,-80.3,19931001,87,71
GHCND:USW00012839,3.7,25.8,-80.3,19931002,88,77
GHCND:USW00012839,3.7,25.8,-80.3,19931003,87,74
GHCND:USW00012839,3.7,25.8,-80.3,19931004,85,74
GHCND:USW00012839,3.7,25.8,-80.3,19931005,85,75
GHCND:USW00012839,3.7,25.8,-80.3,19931006,88,74
GHCND:USW00012839,3.7,25.8,-80.3,19931007,90,74
GHCND:USW00012839,3.7,25.8,-80.3,19931008,90,74
GHCND:USW00012839,3.7,25.8,-80.3,19931009,90,74
GHCND:USW00012839,3.7,25.8,-80.3,19931010,90,73
GHCND:USW00012839,3.7,25.8,-80.3,19931011,89,76
GHCND:USW00012839,3.7,25.8,-80.3,19931012,87,74
GHCND:USW00012839,3.7,25.8,-80.3,19931013,89,72
GHCND:USW00012839,3.7,25.8,-80.3,19931014,86,73
GHCND:USW00012839,3.7,25.8,-80.3,19931015,88,77
GHCND:USW00012839,3.7,25.8,-80.3,19931016,82,71
GHCND:USW00012839,3.7,25.8,-80.3,19931017,89,73
GHCND:USW00012839,3.7,25.8,-80.3,19931018,90,74
GHCND:USW00012839,3.7,25.8,-80.3,19931019,87,77
GHCND:USW00012839,3.7,25.8,-80.3,19931020,87,78
GHCND:USW00012839,3.7,25.8,-80.3,19931021,88,78
GHCND:USW00012839,3.7,25.8,-80.3,19931022,86,77
GHCND:USW00012839,3.7,25.8,-80.3,19931023,87,76
GHCND:USW00012839,3.7,25.8,-80.3,19931024,86,74
GHCND:USW00012839,3.7,25.8,-80.3,19931025,88,73
GHCND:USW00012839,3.7,25.8,-80.3,19931026,88,74
GHCND:USW00012839,3.7,25.8,-80.3,19931027,86,73
GHCND:USW00012839,3.7,25.8,-80.3,19931028,88,73
GHCND:USW00012839,3.7,25.8,-80.3,19931029,88,72
GHCND:USW00012839,3.7,25.8,-80.3,19931030,90,80
GHCND:USW00012839,3.7,25.8,-80.3,19931031,83,61
GHCND:USW00012839,3.7,25.8,-80.3,19931101,69,52
GHCND:USW00012839,3.7,25.8,-80.3,19931102,78,54
GHCND:USW00012839,3.7,25.8,-80.3,19931103,83,70
GHCND:USW00012839,3.7,25.8,-80.3,19931104,84,66
GHCND:USW00012839,3.7,25.8,-80.3,19931105,86,70
GHCND:USW00012839,3.7,25.8,-80.3,19931106,87,69
GHCND:USW00012839,3.7,25.8,-80.3,19931107,84,71
GHCND:USW00012839,3.7,25.8,-80.3,19931108,83,70
GHCND:USW00012839,3.7,25.8,-80.3,19931109,85,75
GHCND:USW00012839,3.7,25.8,-80.3,19931110,87,72
GHCND:USW00012839,3.7,25.8,-80.3,19931111,83,69
GHCND:USW00012839,3.7,25.8,-80.3,19931112,83,74
GHCND:USW00012839,3.7,25.8,-80.3,19931113,86,76
GHCND:USW00012839,3.7,25.8,-80.3,19931114,85,77
GHCND:USW00012839,3.7,25.8,-80.3,19931115,86,76
GHCND:USW00012839,3.7,25.8,-80.3,19931116,84,75
GHCND:USW00012839,3.7,25.8,-80.3,19931117,85,75
GHCND:USW00012839,3.7,25.8,-80.3,19931118,86,75
GHCND:USW00012839,3.7,25.8,-80.3,19931119,87,72
GHCND:USW00012839,3.7,25.8,-80.3,19931120,85,70
GHCND:USW00012839,3.7,25.8,-80.3,19931121,83,68
GHCND:USW00012839,3.7,25.8,-80.3,19931122,83,71
GHCND:USW00012839,3.7,25.8,-80.3,19931123,86,70
GHCND:USW00012839,3.7,25.8,-80.3,19931124,73,67
GHCND:USW00012839,3.7,25.8,-80.3,19931125,82,68
GHCND:USW00012839,3.7,25.8,-80.3,19931126,85,70
GHCND:USW00012839,3.7,25.8,-80.3,19931127,85,70
GHCND:USW00012839,3.7,25.8,-80.3,19931128,74,63
GHCND:USW00012839,3.7,25.8,-80.3,19931129,76,57
GHCND:USW00012839,3.7,25.8,-80.3,19931130,79,59
GHCND:USW00012839,3.7,25.8,-80.3,19931201,81,71
GHCND:USW00012839,3.7,25.8,-80.3,19931202,80,72
GHCND:USW00012839,3.7,25.8,-80.3,19931203,82,67
GHCND:USW00012839,3.7,25.8,-80.3,19931204,84,66
GHCND:USW00012839,3.7,25.8,-80.3,19931205,83,67
GHCND:USW00012839,3.7,25.8,-80.3,19931206,78,57
GHCND:USW00012839,3.7,25.8,-80.3,19931207,80,63
GHCND:USW00012839,3.7,25.8,-80.3,19931208,81,64
GHCND:USW00012839,3.7,25.8,-80.3,19931209,79,63
GHCND:USW00012839,3.7,25.8,-80.3,19931210,82,64
GHCND:USW00012839,3.7,25.8,-80.3,19931211,78,58
GHCND:USW00012839,3.7,25.8,-80.3,19931212,68,47
GHCND:USW00012839,3.7,25.8,-80.3,19931213,75,52
GHCND:USW00012839,3.7,25.8,-80.3,19931214,81,62
GHCND:USW00012839,3.7,25.8,-80.3,19931215,75,60
GHCND:USW00012839,3.7,25.8,-80.3,19931216,67,51
GHCND:USW00012839,3.7,25.8,-80.3,19931217,76,51
GHCND:USW00012839,3.7,25.8,-80.3,19931218,80,60
GHCND:USW00012839,3.7,25.8,-80.3,19931219,80,63
GHCND:USW00012839,3.7,25.8,-80.3,19931220,80,65
GHCND:USW00012839,3.7,25.8,-80.3,19931221,83,61
GHCND:USW00012839,3.7,25.8,-80.3,19931222,78,53
GHCND:USW00012839,3.7,25.8,-80.3,19931223,84,59
GHCND:USW00012839,3.7,25.8,-80.3,19931224,78,56
GHCND:USW00012839,3.7,25.8,-80.3,19931225,65,52
GHCND:USW00012839,3.7,25.8,-80.3,19931226,66,48
GHCND:USW00012839,3.7,25.8,-80.3,19931227,74,52
GHCND:USW00012839,3.7,25.8,-80.3,19931228,77,62
GHCND:USW00012839,3.7,25.8,-80.3,19931229,83,67
GHCND:USW00012839,3.7,25.8,-80.3,19931230,80,64
GHCND:USW00012839,3.7,25.8,-80.3,19931231,78,58
GHCND:USW00012839,3.7,25.8,-80.3,19940101,81,71
GHCND:USW00012839,3.7,25.8,-80.3,19940102,82,73
GHCND:USW00012839,3.7,25.8,-80.3,19940103,73,67
GHCND:USW00012839,3.7,25.8,-80.3,19940104,72,58
GHCND:USW00012839,3.7,25.8,-80.3,19940105,64,51
GHCND:USW00012839,3.7,25.8,-80.3,19940106,74,50
GHCND:USW00012839,3.7,25.8,-80.3,19940107,80,66
GHCND:USW00012839,3.7,25.8,-80.3,19940108,78,63
GHCND:USW00012839,3.7,25.8,-80.3,19940109,65,56
GHCND:USW00012839,3.7,25.8,-80.3,19940110,76,64
GHCND:USW00012839,3.7,25.8,-80.3,19940111,74,68
GHCND:USW00012839,3.7,25.8,-80.3,19940112,83,70
GHCND:USW00012839,3.7,25.8,-80.3,19940113,82,62
GHCND:USW00012839,3.7,25.8,-80.3,19940114,66,52
GHCND:USW00012839,3.7,25.8,-80.3,19940115,71,51
GHCND:USW00012839,3.7,25.8,-80.3,19940116,73,54
GHCND:USW00012839,3.7,25.8,-80.3,19940117,77,67
GHCND:USW00012839,3.7,25.8,-80.3,19940118,77,60
GHCND:USW00012839,3.7,25.8,-80.3,19940119,71,57
GHCND:USW00012839,3.7,25.8,-80.3,19940120,75,65
GHCND:USW00012839,3.7,25.8,-80.3,19940121,75,60
GHCND:USW00012839,3.7,25.8,-80.3,19940122,74,57
GHCND:USW00012839,3.7,25.8,-80.3,19940123,74,58
GHCND:USW00012839,3.7,25.8,-80.3,19940124,77,61
GHCND:USW00012839,3.7,25.8,-80.3,19940125,79,63
GHCND:USW00012839,3.7,25.8,-80.3,19940126,78,63
GHCND:USW00012839,3.7,25.8,-80.3,19940127,79,72
GHCND:USW00012839,3.7,25.8,-80.3,19940128,81,74
GHCND:USW00012839,3.7,25.8,-80.3,19940129,83,72
GHCND:USW00012839,3.7,25.8,-80.3,19940130,85,73
GHCND:USW00012839,3.7,25.8,-80.3,19940131,76,65
GHCND:USW00012839,3.7,25.8,-80.3,19940201,67,57
GHCND:USW00012839,3.7,25.8,-80.3,19940202,60,52
GHCND:USW00012839,3.7,25.8,-80.3,19940203,70,54
GHCND:USW00012839,3.7,25.8,-80.3,19940204,78,68
GHCND:USW00012839,3.7,25.8,-80.3,19940205,80,65
GHCND:USW00012839,3.7,25.8,-80.3,19940206,81,64
GHCND:USW00012839,3.7,25.8,-80.3,19940207,82,66
GHCND:USW00012839,3.7,25.8,-80.3,19940208,81,68
GHCND:USW00012839,3.7,25.8,-80.3,19940209,83,73
GHCND:USW00012839,3.7,25.8,-80.3,19940210,83,73
GHCND:USW00012839,3.7,25.8,-80.3,19940211,84,75
GHCND:USW00012839,3.7,25.8,-80.3,19940212,86,71
GHCND:USW00012839,3.7,25.8,-80.3,19940213,84,68
GHCND:USW00012839,3.7,25.8,-80.3,19940214,76,67
GHCND:USW00012839,3.7,25.8,-80.3,19940215,78,68
GHCND:USW00012839,3.7,25.8,-80.3,19940216,78,67
GHCND:USW00012839,3.7,25.8,-80.3,19940217,72,65
GHCND:USW00012839,3.7,25.8,-80.3,19940218,75,67
GHCND:USW00012839,3.7,25.8,-80.3,19940219,79,70
GHCND:USW00012839,3.7,25.8,-80.3,19940220,82,69
GHCND:USW00012839,3.7,25.8,-80.3,19940221,83,68
GHCND:USW00012839,3.7,25.8,-80.3,19940222,81,69
GHCND:USW00012839,3.7,25.8,-80.3,19940223,83,72
GHCND:USW00012839,3.7,25.8,-80.3,19940224,87,75
GHCND:USW00012839,3.7,25.8,-80.3,19940225,89,71
GHCND:USW00012839,3.7,25.8,-80.3,19940226,86,70
GHCND:USW00012839,3.7,25.8,-80.3,19940227,77,67
GHCND:USW00012839,3.7,25.8,-80.3,19940228,74,64
GHCND:USW00012839,3.7,25.8,-80.3,19940301,77,71
GHCND:USW00012839,3.7,25.8,-80.3,19940302,79,68
GHCND:USW00012839,3.7,25.8,-80.3,19940303,71,58
GHCND:USW00012839,3.7,25.8,-80.3,19940304,74,53
GHCND:USW00012839,3.7,25.8,-80.3,19940305,76,57
GHCND:USW00012839,3.7,25.8,-80.3,19940306,80,56
GHCND:USW00012839,3.7,25.8,-80.3,19940307,81,67
GHCND:USW00012839,3.7,25.8,-80.3,19940308,81,66
GHCND:USW00012839,3.7,25.8,-80.3,19940309,81,70
GHCND:USW00012839,3.7,25.8,-80.3,19940310,84,70
GHCND:USW00012839,3.7,25.8,-80.3,19940311,72,58
GHCND:USW00012839,3.7,25.8,-80.3,19940312,79,57
GHCND:USW00012839,3.7,25.8,-80.3,19940313,80,67
GHCND:USW00012839,3.7,25.8,-80.3,19940314,79,63
GHCND:USW00012839,3.7,25.8,-80.3,19940315,77,55
GHCND:USW00012839,3.7,25.8,-80.3,19940316,81,59
GHCND:USW00012839,3.7,25.8,-80.3,19940317,80,62
GHCND:USW00012839,3.7,25.8,-80.3,19940318,82,57
GHCND:USW00012839,3.7,25.8,-80.3,19940319,88,67
GHCND:USW00012839,3.7,25.8,-80.3,19940320,89,71
GHCND:USW00012839,3.7,25.8,-80.3,19940321,91,70
GHCND:USW00012839,3.7,25.8,-80.3,19940322,90,71
GHCND:USW00012839,3.7,25.8,-80.3,19940323,87,71
GHCND:USW00012839,3.7,25.8,-80.3,19940324,85,74
GHCND:USW00012839,3.7,25.8,-80.3,19940325,88,75
GHCND:USW00012839,3.7,25.8,-80.3,19940326,87,72
GHCND:USW00012839,3.7,25.8,-80.3,19940327,87,76
GHCND:USW00012839,3.7,25.8,-80.3,19940328,87,79
GHCND:USW00012839,3.7,25.8,-80.3,19940329,88,70
GHCND:USW00012839,3.7,25.8,-80.3,19940330,78,67
GHCND:USW00012839,3.7,25.8,-80.3,19940331,83,69
GHCND:USW00012839,3.7,25.8,-80.3,19940401,80,63
GHCND:USW00012839,3.7,25.8,-80.3,19940402,83,66
GHCND:USW00012839,3.7,25.8,-80.3,19940403,84,69
GHCND:USW00012839,3.7,25.8,-80.3,19940404,85,65
GHCND:USW00012839,3.7,25.8,-80.3,19940405,83,68
GHCND:USW00012839,3.7,25.8,-80.3,19940406,85,73
GHCND:USW00012839,3.7,25.8,-80.3,19940407,87,71
GHCND:USW00012839,3.7,25.8,-80.3,19940408,85,73
GHCND:USW00012839,3.7,25.8,-80.3,19940409,80,75
GHCND:USW00012839,3.7,25.8,-80.3,19940410,83,74
GHCND:USW00012839,3.7,25.8,-80.3,19940411,83,74
GHCND:USW00012839,3.7,25.8,-80.3,19940412,85,75
GHCND:USW00012839,3.7,25.8,-80.3,19940413,85,75
GHCND:USW00012839,3.7,25.8,-80.3,19940414,86,75
GHCND:USW00012839,3.7,25.8,-80.3,19940415,86,75
GHCND:USW00012839,3.7,25.8,-80.3,19940416,85,76
GHCND:USW00012839,3.7,25.8,-80.3,19940417,87,73
GHCND:USW00012839,3.7,25.8,-80.3,19940418,87,73
GHCND:USW00012839,3.7,25.8,-80.3,19940419,86,74
GHCND:USW00012839,3.7,25.8,-80.3,19940420,85,69
GHCND:USW00012839,3.7,25.8,-80.3,19940421,85,75
GHCND:USW00012839,3.7,25.8,-80.3,19940422,86,72
GHCND:USW00012839,3.7,25.8,-80.3,19940423,81,71
GHCND:USW00012839,3.7,25.8,-80.3,19940424,85,69
GHCND:USW00012839,3.7,25.8,-80.3,19940425,88,69
GHCND:USW00012839,3.7,25.8,-80.3,19940426,85,70
GHCND:USW00012839,3.7,25.8,-80.3,19940427,81,72
GHCND:USW00012839,3.7,25.8,-80.3,19940428,83,74
GHCND:USW00012839,3.7,25.8,-80.3,19940429,84,75
GHCND:USW00012839,3.7,25.8,-80.3,19940430,85,74
GHCND:USW00012839,3.7,25.8,-80.3,19940501,85,76
GHCND:USW00012839,3.7,25.8,-80.3,19940502,88,76
GHCND:USW00012839,3.7,25.8,-80.3,19940503,88,76
GHCND:USW00012839,3.7,25.8,-80.3,19940504,89,77
GHCND:USW00012839,3.7,25.8,-80.3,19940505,87,74
GHCND:USW00012839,3.7,25.8,-80.3,19940506,83,73
GHCND:USW00012839,3.7,25.8,-80.3,19940507,85,74
GHCND:USW00012839,3.7,25.8,-80.3,19940508,91,70
GHCND:USW00012839,3.7,25.8,-80.3,19940509,91,73
GHCND:USW00012839,3.7,25.8,-80.3,19940510,92,76
GHCND:USW00012839,3.7,25.8,-80.3,19940511,90,77
GHCND:USW00012839,3.7,25.8,-80.3,19940512,92,76
GHCND:USW00012839,3.7,25.8,-80.3,19940513,90,75
GHCND:USW00012839,3.7,25.8,-80.3,19940514,88,79
GHCND:USW00012839,3.7,25.8,-80.3,19940515,89,78
GHCND:USW00012839,3.7,25.8,-80.3,19940516,89,79
GHCND:USW00012839,3.7,25.8,-80.3,19940517,92,77
GHCND:USW00012839,3.7,25.8,-80.3,19940518,93,75
GHCND:USW00012839,3.7,25.8,-80.3,19940519,86,72
GHCND:USW00012839,3.7,25.8,-80.3,19940520,86,70
GHCND:USW00012839,3.7,25.8,-80.3,19940521,86,66
GHCND:USW00012839,3.7,25.8,-80.3,19940522,84,66
GHCND:USW00012839,3.7,25.8,-80.3,19940523,85,68
GHCND:USW00012839,3.7,25.8,-80.3,19940524,85,71
GHCND:USW00012839,3.7,25.8,-80.3,19940525,85,74
GHCND:USW00012839,3.7,25.8,-80.3,19940526,87,74
GHCND:USW00012839,3.7,25.8,-80.3,19940527,93,75
GHCND:USW00012839,3.7,25.8,-80.3,19940528,92,74
GHCND:USW00012839,3.7,25.8,-80.3,19940529,88,72
GHCND:USW00012839,3.7,25.8,-80.3,19940530,85,71
GHCND:USW00012839,3.7,25.8,-80.3,19940531,88,77
GHCND:USW00012839,3.7,25.8,-80.3,19940601,85,80
GHCND:USW00012839,3.7,25.8,-80.3,19940602,85,78
GHCND:USW00012839,3.7,25.8,-80.3,19940603,86,75
GHCND:USW00012839,3.7,25.8,-80.3,19940604,86,74
GHCND:USW00012839,3.7,25.8,-80.3,19940605,89,72
GHCND:USW00012839,3.7,25.8,-80.3,19940606,87,77
GHCND:USW00012839,3.7,25.8,-80.3,19940607,91,79
GHCND:USW00012839,3.7,25.8,-80.3,19940608,93,80
GHCND:USW00012839,3.7,25.8,-80.3,19940609,89,76
GHCND:USW00012839,3.7,25.8,-80.3,19940610,96,72
GHCND:USW00012839,3.7,25.8,-80.3,19940611,93,74
GHCND:USW00012839,3.7,25.8,-80.3,19940612,91,78
GHCND:USW00012839,3.7,25.8,-80.3,19940613,91,80
GHCND:USW00012839,3.7,25.8,-80.3,19940614,90,81
GHCND:USW00012839,3.7,25.8,-80.3,19940615,89,78
GHCND:USW00012839,3.7,25.8,-80.3,19940616,89,78
GHCND:USW00012839,3.7,25.8,-80.3,19940617,90,79
GHCND:USW00012839,3.7,25.8,-80.3,19940618,91,74
GHCND:USW00012839,3.7,25.8,-80.3,19940619,93,75
GHCND:USW00012839,3.7,25.8,-80.3,19940620,93,75
GHCND:USW00012839,3.7,25.8,-80.3,19940621,94,77
GHCND:USW00012839,3.7,25.8,-80.3,19940622,92,75
GHCND:USW00012839,3.7,25.8,-80.3,19940623,91,74
GHCND:USW00012839,3.7,25.8,-80.3,19940624,92,80
GHCND:USW00012839,3.7,25.8,-80.3,19940625,91,79
GHCND:USW00012839,3.7,25.8,-80.3,19940626,91,81
GHCND:USW00012839,3.7,25.8,-80.3,19940627,90,76
GHCND:USW00012839,3.7,25.8,-80.3,19940628,89,80
GHCND:USW00012839,3.7,25.8,-80.3,19940629,87,75
GHCND:USW00012839,3.7,25.8,-80.3,19940630,89,79
GHCND:USW00012839,3.7,25.8,-80.3,19940701,88,78
GHCND:USW00012839,3.7,25.8,-80.3,19940702,91,76
GHCND:USW00012839,3.7,25.8,-80.3,19940703,87,75
GHCND:USW00012839,3.7,25.8,-80.3,19940704,88,77
GHCND:USW00012839,3.7,25.8,-80.3,19940705,89,79
GHCND:USW00012839,3.7,25.8,-80.3,19940706,88,80
GHCND:USW00012839,3.7,25.8,-80.3,19940707,89,76
GHCND:USW00012839,3.7,25.8,-80.3,19940708,89,82
GHCND:USW00012839,3.7,25.8,-80.3,19940709,89,78
GHCND:USW00012839,3.7,25.8,-80.3,19940710,90,79
GHCND:USW00012839,3.7,25.8,-80.3,19940711,90,81
GHCND:USW00012839,3.7,25.8,-80.3,19940712,91,76
GHCND:USW00012839,3.7,25.8,-80.3,19940713,91,80
GHCND:USW00012839,3.7,25.8,-80.3,19940714,92,79
GHCND:USW00012839,3.7,25.8,-80.3,19940715,92,81
GHCND:USW00012839,3.7,25.8,-80.3,19940716,91,79
GHCND:USW00012839,3.7,25.8,-80.3,19940717,91,80
GHCND:USW00012839,3.7,25.8,-80.3,19940718,92,80
GHCND:USW00012839,3.7,25.8,-80.3,19940719,92,78
GHCND:USW00012839,3.7,25.8,-80.3,19940720,89,75
GHCND:USW00012839,3.7,25.8,-80.3,19940721,88,74
GHCND:USW00012839,3.7,25.8,-80.3,19940722,87,73
GHCND:USW00012839,3.7,25.8,-80.3,19940723,90,76
GHCND:USW00012839,3.7,25.8,-80.3,19940724,91,72
GHCND:USW00012839,3.7,25.8,-80.3,19940725,89,76
GHCND:USW00012839,3.7,25.8,-80.3,19940726,91,76
GHCND:USW00012839,3.7,25.8,-80.3,19940727,91,82
GHCND:USW00012839,3.7,25.8,-80.3,19940728,91,76
GHCND:USW00012839,3.7,25.8,-80.3,19940729,87,74
GHCND:USW00012839,3.7,25.8,-80.3,19940730,90,77
GHCND:USW00012839,3.7,25.8,-80.3,19940731,90,79
GHCND:USW00012839,3.7,25.8,-80.3,19940801,89,82
GHCND:USW00012839,3.7,25.8,-80.3,19940802,90,78
GHCND:USW00012839,3.7,25.8,-80.3,19940803,88,75
GHCND:USW00012839,3.7,25.8,-80.3,19940804,88,76
GHCND:USW00012839,3.7,25.8,-80.3,19940805,89,73
GHCND:USW00012839,3.7,25.8,-80.3,19940806,92,75
GHCND:USW00012839,3.7,25.8,-80.3,19940807,90,76
GHCND:USW00012839,3.7,25.8,-80.3,19940808,93,79
GHCND:USW00012839,3.7,25.8,-80.3,19940809,89,77
GHCND:USW00012839,3.7,25.8,-80.3,19940810,88,76
GHCND:USW00012839,3.7,25.8,-80.3,19940811,88,74
GHCND:USW00012839,3.7,25.8,-80.3,19940812,80,72
GHCND:USW00012839,3.7,25.8,-80.3,19940813,87,75
GHCND:USW00012839,3.7,25.8,-80.3,19940814,89,72
GHCND:USW00012839,3.7,25.8,-80.3,19940815,89,80
GHCND:USW00012839,3.7,25.8,-80.3,19940816,90,80
GHCND:USW00012839,3.7,25.8,-80.3,19940817,90,79
GHCND:USW00012839,3.7,25.8,-80.3,19940818,91,81
GHCND:USW00012839,3.7,25.8,-80.3,19940819,90,81
GHCND:USW00012839,3.7,25.8,-80.3,19940820,90,81
GHCND:USW00012839,3.7,25.8,-80.3,19940821,90,80
GHCND:USW00012839,3.7,25.8,-80.3,19940822,91,78
GHCND:USW00012839,3.7,25.8,-80.3,19940823,93,74
GHCND:USW00012839,3.7,25.8,-80.3,19940824,90,76
GHCND:USW00012839,3.7,25.8,-80.3,19940825,86,74
GHCND:USW00012839,3.7,25.8,-80.3,19940826,90,77
GHCND:USW00012839,3.7,25.8,-80.3,19940827,89,76
GHCND:USW00012839,3.7,25.8,-80.3,19940828,81,71
GHCND:USW00012839,3.7,25.8,-80.3,19940829,89,73
GHCND:USW00012839,3.7,25.8,-80.3,19940830,89,76
GHCND:USW00012839,3.7,25.8,-80.3,19940831,90,76
GHCND:USW00012839,3.7,25.8,-80.3,19940901,92,79
GHCND:USW00012839,3.7,25.8,-80.3,19940902,90,79
GHCND:USW00012839,3.7,25.8,-80.3,19940903,91,79
GHCND:USW00012839,3.7,25.8,-80.3,19940904,94,74
GHCND:USW00012839,3.7,25.8,-80.3,19940905,91,77
GHCND:USW00012839,3.7,25.8,-80.3,19940906,89,75
GHCND:USW00012839,3.7,25.8,-80.3,19940907,90,77
GHCND:USW00012839,3.7,25.8,-80.3,19940908,89,79
GHCND:USW00012839,3.7,25.8,-80.3,19940909,89,80
GHCND:USW00012839,3.7,25.8,-80.3,19940910,83,73
GHCND:USW00012839,3.7,25.8,-80.3,19940911,90,73
GHCND:USW00012839,3.7,25.8,-80.3,19940912,84,79
GHCND:USW00012839,3.7,25.8,-80.3,19940913,82,72
GHCND:USW00012839,3.7,25.8,-80.3,19940914,85,75
GHCND:USW00012839,3.7,25.8,-80.3,19940915,87,73
GHCND:USW00012839,3.7,25.8,-80.3,19940916,89,80
GHCND:USW00012839,3.7,25.8,-80.3,19940917,89,80
GHCND:USW00012839,3.7,25.8,-80.3,19940918,90,80
GHCND:USW00012839,3.7,25.8,-80.3,19940919,89,73
GHCND:USW00012839,3.7,25.8,-80.3,19940920,87,74
GHCND:USW00012839,3.7,25.8,-80.3,19940921,87,74
GHCND:USW00012839,3.7,25.8,-80.3,19940922,87,77
GHCND:USW00012839,3.7,25.8,-80.3,19940923,89,75
GHCND:USW00012839,3.7,25.8,-80.3,19940924,88,79
GHCND:USW00012839,3.7,25.8,-80.3,19940925,86,76
GHCND:USW00012839,3.7,25.8,-80.3,19940926,88,75
GHCND:USW00012839,3.7,25.8,-80.3,19940927,85,77
GHCND:USW00012839,3.7,25.8,-80.3,19940928,82,73
GHCND:USW00012839,3.7,25.8,-80.3,19940929,81,74
GHCND:USW00012839,3.7,25.8,-80.3,19940930,81,75
GHCND:USW00012839,3.7,25.8,-80.3,19941001,86,72
GHCND:USW00012839,3.7,25.8,-80.3,19941002,89,75
GHCND:USW00012839,3.7,25.8,-80.3,19941003,90,78
GHCND:USW00012839,3.7,25.8,-80.3,19941004,87,77
GHCND:USW00012839,3.7,25.8,-80.3,19941005,88,75
GHCND:USW00012839,3.7,25.8,-80.3,19941006,89,75
GHCND:USW00012839,3.7,25.8,-80.3,19941007,89,75
GHCND:USW00012839,3.7,25.8,-80.3,19941008,87,76
GHCND:USW00012839,3.7,25.8,-80.3,19941009,90,75
GHCND:USW00012839,3.7,25.8,-80.3,19941010,88,74
GHCND:USW00012839,3.7,25.8,-80.3,19941011,88,75
GHCND:USW00012839,3.7,25.8,-80.3,19941012,87,75
GHCND:USW00012839,3.7,25.8,-80.3,19941013,89,73
GHCND:USW00012839,3.7,25.8,-80.3,19941014,90,73
GHCND:USW00012839,3.7,25.8,-80.3,19941015,85,72
GHCND:USW00012839,3.7,25.8,-80.3,19941016,84,71
GHCND:USW00012839,3.7,25.8,-80.3,19941017,83,74
GHCND:USW00012839,3.7,25.8,-80.3,19941018,84,75
GHCND:USW00012839,3.7,25.8,-80.3,19941019,84,73
GHCND:USW00012839,3.7,25.8,-80.3,19941020,85,71
GHCND:USW00012839,3.7,25.8,-80.3,19941021,86,73
GHCND:USW00012839,3.7,25.8,-80.3,19941022,86,71
GHCND:USW00012839,3.7,25.8,-80.3,19941023,89,73
GHCND:USW00012839,3.7,25.8,-80.3,19941024,87,72
GHCND:USW00012839,3.7,25.8,-80.3,19941025,87,73
GHCND:USW00012839,3.7,25.8,-80.3,19941026,87,71
GHCND:USW00012839,3.7,25.8,-80.3,19941027,84,72
GHCND:USW00012839,3.7,25.8,-80.3,19941028,86,70
GHCND:USW00012839,3.7,25.8,-80.3,19941029,87,76
GHCND:USW00012839,3.7,25.8,-80.3,19941030,87,79
GHCND:USW00012839,3.7,25.8,-80.3,19941031,82,70
GHCND:USW00012839,3.7,25.8,-80.3,19941101,87,74
GHCND:USW00012839,3.7,25.8,-80.3,19941102,86,71
GHCND:USW00012839,3.7,25.8,-80.3,19941103,85,72
GHCND:USW00012839,3.7,25.8,-80.3,19941104,83,76
GHCND:USW00012839,3.7,25.8,-80.3,19941105,85,74
GHCND:USW00012839,3.7,25.8,-80.3,19941106,84,74
GHCND:USW00012839,3.7,25.8,-80.3,19941107,86,73
GHCND:USW00012839,3.7,25.8,-80.3,19941108,86,75
GHCND:USW00012839,3.7,25.8,-80.3,19941109,85,76
GHCND:USW00012839,3.7,25.8,-80.3,19941110,86,75
GHCND:USW00012839,3.7,25.8,-80.3,19941111,87,74
GHCND:USW00012839,3.7,25.8,-80.3,19941112,84,71
GHCND:USW00012839,3.7,25.8,-80.3,19941113,79,71
GHCND:USW00012839,3.7,25.8,-80.3,19941114,80,72
GHCND:USW00012839,3.7,25.8,-80.3,19941115,83,74
GHCND:USW00012839,3.7,25.8,-80.3,19941116,81,75
GHCND:USW00012839,3.7,25.8,-80.3,19941117,76,69
GHCND:USW00012839,3.7,25.8,-80.3,19941118,76,67
GHCND:USW00012839,3.7,25.8,-80.3,19941119,80,64
GHCND:USW00012839,3.7,25.8,-80.3,19941120,78,71
GHCND:USW00012839,3.7,25.8,-80.3,19941121,84,73
GHCND:USW00012839,3.7,25.8,-80.3,19941122,86,72
GHCND:USW00012839,3.7,25.8,-80.3,19941123,85,69
GHCND:USW00012839,3.7,25.8,-80.3,19941124,77,65
GHCND:USW00012839,3.7,25.8,-80.3,19941125,79,65
GHCND:USW00012839,3.7,25.8,-80.3,19941126,81,63
GHCND:USW00012839,3.7,25.8,-80.3,19941127,82,67
GHCND:USW00012839,3.7,25.8,-80.3,19941128,83,76
GHCND:USW00012839,3.7,25.8,-80.3,19941129,84,75
GHCND:USW00012839,3.7,25.8,-80.3,19941130,85,73
GHCND:USW00012839,3.7,25.8,-80.3,19941201,85,72
GHCND:USW00012839,3.7,25.8,-80.3,19941202,82,71
GHCND:USW00012839,3.7,25.8,-80.3,19941203,84,72
GHCND:USW00012839,3.7,25.8,-80.3,19941204,83,77
GHCND:USW00012839,3.7,25.8,-80.3,19941205,83,74
GHCND:USW00012839,3.7,25.8,-80.3,19941206,84,73
GHCND:USW00012839,3.7,25.8,-80.3,19941207,85,72
GHCND:USW00012839,3.7,25.8,-80.3,19941208,84,71
GHCND:USW00012839,3.7,25.8,-80.3,19941209,83,73
GHCND:USW00012839,3.7,25.8,-80.3,19941210,83,73
GHCND:USW00012839,3.7,25.8,-80.3,19941211,83,67
GHCND:USW00012839,3.7,25.8,-80.3,19941212,79,62
GHCND:USW00012839,3.7,25.8,-80.3,19941213,80,65
GHCND:USW00012839,3.7,25.8,-80.3,19941214,72,63
GHCND:USW00012839,3.7,25.8,-80.3,19941215,79,61
GHCND:USW00012839,3.7,25.8,-80.3,19941216,82,65
GHCND:USW00012839,3.7,25.8,-80.3,19941217,82,68
GHCND:USW00012839,3.7,25.8,-80.3,19941218,80,67
GHCND:USW00012839,3.7,25.8,-80.3,19941219,75,62
GHCND:USW00012839,3.7,25.8,-80.3,19941220,78,60
GHCND:USW00012839,3.7,25.8,-80.3,19941221,75,65
GHCND:USW00012839,3.7,25.8,-80.3,19941222,74,62
GHCND:USW00012839,3.7,25.8,-80.3,19941223,70,59
GHCND:USW00012839,3.7,25.8,-80.3,19941224,69,55
GHCND:USW00012839,3.7,25.8,-80.3,19941225,68,52
GHCND:USW00012839,3.7,25.8,-80.3,19941226,66,56
GHCND:USW00012839,3.7,25.8,-80.3,19941227,71,54
GHCND:USW00012839,3.7,25.8,-80.3,19941228,79,61
GHCND:USW00012839,3.7,25.8,-80.3,19941229,79,66
GHCND:USW00012839,3.7,25.8,-80.3,19941230,80,64
GHCND:USW00012839,3.7,25.8,-80.3,19941231,80,65
GHCND:USW00012839,3.7,25.8,-80.3,19950101,82,65
GHCND:USW00012839,3.7,25.8,-80.3,19950102,84,65
GHCND:USW00012839,3.7,25.8,-80.3,19950103,80,67
GHCND:USW00012839,3.7,25.8,-80.3,19950104,80,65
GHCND:USW00012839,3.7,25.8,-80.3,19950105,76,61
GHCND:USW00012839,3.7,25.8,-80.3,19950106,80,71
GHCND:USW00012839,3.7,25.8,-80.3,19950107,83,67
GHCND:USW00012839,3.7,25.8,-80.3,19950108,71,57
GHCND:USW00012839,3.7,25.8,-80.3,19950109,71,53
GHCND:USW00012839,3.7,25.8,-80.3,19950110,74,54
GHCND:USW00012839,3.7,25.8,-80.3,19950111,76,57
GHCND:USW00012839,3.7,25.8,-80.3,19950112,79,60
GHCND:USW00012839,3.7,25.8,-80.3,19950113,80,71
GHCND:USW00012839,3.7,25.8,-80.3,19950114,77,65
GHCND:USW00012839,3.7,25.8,-80.3,19950115,78,64
GHCND:USW00012839,3.7,25.8,-80.3,19950116,72,60
GHCND:USW00012839,3.7,25.8,-80.3,19950117,73,54
GHCND:USW00012839,3.7,25.8,-80.3,19950118,79,59
GHCND:USW00012839,3.7,25.8,-80.3,19950119,78,65
GHCND:USW00012839,3.7,25.8,-80.3,19950120,68,58
GHCND:USW00012839,3.7,25.8,-80.3,19950121,69,54
GHCND:USW00012839,3.7,25.8,-80.3,19950122,70,55
GHCND:USW00012839,3.7,25.8,-80.3,19950123,80,54
GHCND:USW00012839,10.7,25.78333,-80.28333,19950124,67,51
GHCND:USW00012839,10.7,25.78333,-80.28333,19950125,66,48
GHCND:USW00012839,10.7,25.78333,-80.28333,19950126,70,51
GHCND:USW00012839,10.7,25.78333,-80.28333,19950127,73,54
GHCND:USW00012839,10.7,25.78333,-80.28333,19950128,78,61
GHCND:USW00012839,10.7,25.78333,-80.28333,19950129,81,66
GHCND:USW00012839,10.7,25.78333,-80.28333,19950130,73,57
GHCND:USW00012839,10.7,25.78333,-80.28333,19950131,63,53
GHCND:USW00012839,10.7,25.78333,-80.28333,19950201,65,52
GHCND:USW00012839,10.7,25.78333,-80.28333,19950202,72,55
GHCND:USW00012839,10.7,25.78333,-80.28333,19950203,73,56
GHCND:USW00012839,10.7,25.78333,-80.28333,19950204,74,53
GHCND:USW00012839,10.7,25.78333,-80.28333,19950205,67,50
GHCND:USW00012839,10.7,25.78333,-80.28333,19950206,64,50
GHCND:USW00012839,10.7,25.78333,-80.28333,19950207,73,47
GHCND:USW00012839,10.7,25.78333,-80.28333,19950208,67,46
GHCND:USW00012839,10.7,25.78333,-80.28333,19950209,65,39
GHCND:USW00012839,10.7,25.78333,-80.28333,19950210,73,54
GHCND:USW00012839,10.7,25.78333,-80.28333,19950211,82,63
GHCND:USW00012839,10.7,25.78333,-80.28333,19950212,86,72
GHCND:USW00012839,10.7,25.78333,-80.28333,19950213,83,68
GHCND:USW00012839,10.7,25.78333,-80.28333,19950214,81,67
GHCND:USW00012839,10.7,25.78333,-80.28333,19950215,81,72
GHCND:USW00012839,10.7,25.78333,-80.28333,19950216,80,69
GHCND:USW00012839,10.7,25.78333,-80.28333,19950217,83,71
GHCND:USW00012839,10.7,25.78333,-80.28333,19950218,83,73
GHCND:USW00012839,10.7,25.78333,-80.28333,19950219,83,72
GHCND:USW00012839,10.7,25.78333,-80.28333,19950220,79,61
GHCND:USW00012839,10.7,25.78333,-80.28333,19950221,76,58
GHCND:USW00012839,10.7,25.78333,-80.28333,19950222,73,53
GHCND:USW00012839,10.7,25.78333,-80.28333,19950223,75,57
GHCND:USW00012839,10.7,25.78333,-80.28333,19950224,79,61
GHCND:USW00012839,10.7,25.78333,-80.28333,19950225,78,60
GHCND:USW00012839,10.7,25.78333,-80.28333,19950226,75,63
GHCND:USW00012839,10.7,25.78333,-80.28333,19950227,78,64
GHCND:USW00012839,10.7,25.78333,-80.28333,19950228,79,69
GHCND:USW00012839,10.7,25.78333,-80.28333,19950301,86,69
GHCND:USW00012839,10.7,25.78333,-80.28333,19950302,77,65
GHCND:USW00012839,10.7,25.78333,-80.28333,19950303,81,60
GHCND:USW00012839,10.7,25.78333,-80.28333,19950304,81,64
GHCND:USW00012839,10.7,25.78333,-80.28333,19950305,80,67
GHCND:USW00012839,10.7,25.78333,-80.28333,19950306,82,71
GHCND:USW00012839,10.7,25.78333,-80.28333,19950307,82,71
GHCND:USW00012839,10.7,25.78333,-80.28333,19950308,81,66
GHCND:USW00012839,10.7,25.78333,-80.28333,19950309,70,57
GHCND:USW00012839,10.7,25.78333,-80.28333,19950310,74,55
GHCND:USW00012839,10.7,25.78333,-80.28333,19950311,75,67
GHCND:USW00012839,10.7,25.78333,-80.28333,19950312,75,64
GHCND:USW00012839,10.7,25.78333,-80.28333,19950313,77,65
GHCND:USW00012839,10.7,25.78333,-80.28333,19950314,78,67
GHCND:USW00012839,10.7,25.78333,-80.28333,19950315,77,66
GHCND:USW00012839,10.7,25.78333,-80.28333,19950316,79,68
GHCND:USW00012839,10.7,25.78333,-80.28333,19950317,78,69
GHCND:USW00012839,10.7,25.78333,-80.28333,19950318,81,65
GHCND:USW00012839,10.7,25.78333,-80.28333,19950319,81,64
GHCND:USW00012839,10.7,25.78333,-80.28333,19950320,80,62
GHCND:USW00012839,10.7,25.78333,-80.28333,19950321,83,64
GHCND:USW00012839,10.7,25.78333,-80.28333,19950322,83,63
GHCND:USW00012839,10.7,25.78333,-80.28333,19950323,84,66
GHCND:USW00012839,10.7,25.78333,-80.28333,19950324,85,68
GHCND:USW00012839,10.7,25.78333,-80.28333,19950325,82,69
GHCND:USW00012839,10.7,25.78333,-80.28333,19950326,78,69
GHCND:USW00012839,10.7,25.78333,-80.28333,19950327,80,68
GHCND:USW00012839,10.7,25.78333,-80.28333,19950328,87,68
GHCND:USW00012839,10.7,25.78333,-80.28333,19950329,89,71
GHCND:USW00012839,10.7,25.78333,-80.28333,19950330,88,74
GHCND:USW00012839,10.7,25.78333,-80.28333,19950331,87,73
GHCND:USW00012839,10.7,25.78333,-80.28333,19950401,87,72
GHCND:USW00012839,10.7,25.78333,-80.28333,19950402,82,64
GHCND:USW00012839,10.7,25.78333,-80.28333,19950403,78,60
GHCND:USW00012839,10.7,25.78333,-80.28333,19950404,80,70
GHCND:USW00012839,10.7,25.78333,-80.28333,19950405,83,69
GHCND:USW00012839,10.7,25.78333,-80.28333,19950406,80,64
GHCND:USW00012839,10.7,25.78333,-80.28333,19950407,85,68
GHCND:USW00012839,10.7,25.78333,-80.28333,19950408,84,71
GHCND:USW00012839,10.7,25.78333,-80.28333,19950409,86,68
GHCND:USW00012839,10.7,25.78333,-80.28333,19950410,86,68
GHCND:USW00012839,10.7,25.78333,-80.28333,19950411,85,75
GHCND:USW00012839,10.7,25.78333,-80.28333,19950412,82,74
GHCND:USW00012839,10.7,25.78333,-80.28333,19950413,89,71
GHCND:USW00012839,10.7,25.78333,-80.28333,19950414,86,65
GHCND:USW00012839,10.7,25.78333,-80.28333,19950415,83,67
GHCND:USW00012839,10.7,25.78333,-80.28333,19950416,82,71
GHCND:USW00012839,10.7,25.78333,-80.28333,19950417,84,72
GHCND:USW00012839,10.7,25.78333,-80.28333,19950418,86,69
GHCND:USW00012839,10.7,25.78333,-80.28333,19950419,88,74
GHCND:USW00012839,10.7,25.78333,-80.28333,19950420,88,74
GHCND:USW00012839,10.7,25.78333,-80.28333,19950421,86,74
GHCND:USW00012839,10.7,25.78333,-80.28333,19950422,86,75
GHCND:USW00012839,10.7,25.78333,-80.28333,19950423,85,75
GHCND:USW00012839,10.7,25.78333,-80.28333,19950424,90,74
GHCND:USW00012839,10.7,25.78333,-80.28333,19950425,91,73
GHCND:USW00012839,10.7,25.78333,-80.28333,19950426,83,73
GHCND:USW00012839,10.7,25.78333,-80.28333,19950427,87,71
GHCND:USW00012839,10.7,25.78333,-80.28333,19950428,79,72
GHCND:USW00012839,10.7,25.78333,-80.28333,19950429,78,70
GHCND:USW00012839,10.7,25.78333,-80.28333,19950430,83,71
GHCND:USW00012839,10.7,25.78333,-80.28333,19950501,86,68
GHCND:USW00012839,10.7,25.78333,-80.28333,19950502,87,74
GHCND:USW00012839,10.7,25.78333,-80.28333,19950503,89,76
GHCND:USW00012839,10.7,25.78333,-80.28333,19950504,88,72
GHCND:USW00012839,10.7,25.78333,-80.28333,19950505,87,71
GHCND:USW00012839,10.7,25.78333,-80.28333,19950506,89,75
GHCND:USW00012839,10.7,25.78333,-80.28333,19950507,87,74
GHCND:USW00012839,10.7,25.78333,-80.28333,19950508,86,75
GHCND:USW00012839,10.7,25.78333,-80.28333,19950509,84,77
GHCND:USW00012839,10.7,25.78333,-80.28333,19950510,86,78
GHCND:USW00012839,10.7,25.78333,-80.28333,19950511,88,77
GHCND:USW00012839,10.7,25.78333,-80.28333,19950512,91,77
GHCND:USW00012839,10.7,25.78333,-80.28333,19950513,90,77
GHCND:USW00012839,10.7,25.78333,-80.28333,19950514,91,78
GHCND:USW00012839,10.7,25.78333,-80.28333,19950515,96,76
GHCND:USW00012839,10.7,25.78333,-80.28333,19950516,95,77
GHCND:USW00012839,10.7,25.78333,-80.28333,19950517,92,72
GHCND:USW00012839,10.7,25.78333,-80.28333,19950518,90,78
GHCND:USW00012839,10.7,25.78333,-80.28333,19950519,94,78
GHCND:USW00012839,10.7,25.78333,-80.28333,19950520,91,73
GHCND:USW00012839,10.7,25.78333,-80.28333,19950521,88,74
GHCND:USW00012839,10.7,25.78333,-80.28333,19950522,88,75
GHCND:USW00012839,10.7,25.78333,-80.28333,19950523,89,74
GHCND:USW00012839,10.7,25.78333,-80.28333,19950524,86,75
GHCND:USW00012839,10.7,25.78333,-80.28333,19950525,87,77
GHCND:USW00012839,10.7,25.78333,-80.28333,19950526,87,74
GHCND:USW00012839,10.7,25.78333,-80.28333,19950527,88,78
GHCND:USW00012839,10.7,25.78333,-80.28333,19950528,88,78
GHCND:USW00012839,10.7,25.78333,-80.28333,19950529,87,78
GHCND:USW00012839,10.7,25.78333,-80.28333,19950530,87,77
GHCND:USW00012839,10.7,25.78333,-80.28333,19950531,88,77
GHCND:USW00012839,10.7,25.78333,-80.28333,19950601,89,79
GHCND:USW00012839,10.7,25.78333,-80.28333,19950602,88,79
GHCND:USW00012839,10.7,25.78333,-80.28333,19950603,86,76
GHCND:USW00012839,10.7,25.78333,-80.28333,19950604,84,76
GHCND:USW00012839,10.7,25.78333,-80.28333,19950605,87,77
GHCND:USW00012839,10.7,25.78333,-80.28333,19950606,87,76
GHCND:USW00012839,10.7,25.78333,-80.28333,19950607,90,74
GHCND:USW00012839,10.7,25.78333,-80.28333,19950608,91,77
GHCND:USW00012839,10.7,25.78333,-80.28333,19950609,92,78
GHCND:USW00012839,10.7,25.78333,-80.28333,19950610,89,78
GHCND:USW00012839,10.7,25.78333,-80.28333,19950611,88,79
GHCND:USW00012839,10.7,25.78333,-80.28333,19950612,87,76
GHCND:USW00012839,10.7,25.78333,-80.28333,19950613,85,75
GHCND:USW00012839,10.7,25.78333,-80.28333,19950614,86,71
GHCND:USW00012839,10.7,25.78333,-80.28333,19950615,87,76
GHCND:USW00012839,10.7,25.78333,-80.28333,19950616,88,73
GHCND:USW00012839,10.7,25.78333,-80.28333,19950617,86,74
GHCND:USW00012839,10.7,25.78333,-80.28333,19950618,82,71
GHCND:USW00012839,10.7,25.78333,-80.28333,19950619,85,71
GHCND:USW00012839,10.7,25.78333,-80.28333,19950620,82,71
GHCND:USW00012839,10.7,25.78333,-80.28333,19950621,81,71
GHCND:USW00012839,10.7,25.78333,-80.28333,19950622,86,74
GHCND:USW00012839,10.7,25.78333,-80.28333,19950623,84,74
GHCND:USW00012839,10.7,25.78333,-80.28333,19950624,87,76
GHCND:USW00012839,10.7,25.78333,-80.28333,19950625,90,77
GHCND:USW00012839,10.7,25.78333,-80.28333,19950626,92,80
GHCND:USW00012839,10.7,25.78333,-80.28333,19950627,96,80
GHCND:USW00012839,10.7,25.78333,-80.28333,19950628,92,79
GHCND:USW00012839,10.7,25.78333,-80.28333,19950629,92,81
GHCND:USW00012839,10.7,25.78333,-80.28333,19950630,91,75
GHCND:USW00012839,10.7,25.78333,-80.28333,19950701,97,78
GHCND:USW00012839,10.7,25.78333,-80.28333,19950702,93,81
GHCND:USW00012839,10.7,25.78333,-80.28333,19950703,96,77
GHCND:USW00012839,10.7,25.78333,-80.28333,19950704,93,80
GHCND:USW00012839,10.7,25.78333,-80.28333,19950705,93,81
GHCND:USW00012839,10.7,25.78333,-80.28333,19950706,92,80
GHCND:USW00012839,10.7,25.78333,-80.28333,19950707,90,80
GHCND:USW00012839,10.7,25.78333,-80.28333,19950708,90,80
GHCND:USW00012839,10.7,25.78333,-80.28333,19950709,96,79
GHCND:USW00012839,10.7,25.78333,-80.28333,19950710,92,75
GHCND:USW00012839,10.7,25.78333,-80.28333,19950711,91,75
GHCND:USW00012839,10.7,25.78333,-80.28333,19950712,90,76
GHCND:USW00012839,10.7,25.78333,-80.28333,19950713,88,75
GHCND:USW00012839,10.7,25.78333,-80.28333,19950714,91,79
GHCND:USW00012839,10.7,25.78333,-80.28333,19950715,91,80
GHCND:USW00012839,10.7,25.78333,-80.28333,19950716,92,80
GHCND:USW00012839,10.7,25.78333,-80.28333,19950717,92,75
GHCND:USW00012839,10.7,25.78333,-80.28333,19950718,86,74
GHCND:USW00012839,10.7,25.78333,-80.28333,19950719,90,76
GHCND:USW00012839,10.7,25.78333,-80.28333,19950720,91,79
GHCND:USW00012839,10.7,25.78333,-80.28333,19950721,96,79
GHCND:USW00012839,10.7,25.78333,-80.28333,19950722,92,80
GHCND:USW00012839,10.7,25.78333,-80.28333,19950723,93,82
GHCND:USW00012839,10.7,25.78333,-80.28333,19950724,92,81
GHCND:USW00012839,10.7,25.78333,-80.28333,19950725,91,78
GHCND:USW00012839,10.7,25.78333,-80.28333,19950726,88,74
GHCND:USW00012839,10.7,25.78333,-80.28333,19950727,84,74
GHCND:USW00012839,10.7,25.78333,-80.28333,19950728,86,75
GHCND:USW00012839,10.7,25.78333,-80.28333,19950729,89,76
GHCND:USW00012839,10.7,25.78333,-80.28333,19950730,87,78
GHCND:USW00012839,10.7,25.78333,-80.28333,19950731,89,80
GHCND:USW00012839,10.7,25.78333,-80.28333,19950801,86,77
GHCND:USW00012839,10.7,25.78333,-80.28333,19950802,89,75
GHCND:USW00012839,10.7,25.78333,-80.28333,19950803,83,74
GHCND:USW00012839,10.7,25.78333,-80.28333,19950804,84,72
GHCND:USW00012839,10.7,25.78333,-80.28333,19950805,88,77
GHCND:USW00012839,10.7,25.78333,-80.28333,19950806,89,79
GHCND:USW00012839,10.7,25.78333,-80.28333,19950807,90,79
GHCND:USW00012839,10.7,25.78333,-80.28333,19950808,90,79
GHCND:USW00012839,10.7,25.78333,-80.28333,19950809,95,77
GHCND:USW00012839,10.7,25.78333,-80.28333,19950810,90,77
GHCND:USW00012839,10.7,25.78333,-80.28333,19950811,91,79
GHCND:USW00012839,10.7,25.78333,-80.28333,19950812,93,76
GHCND:USW00012839,10.7,25.78333,-80.28333,19950813,95,78
GHCND:USW00012839,10.7,25.78333,-80.28333,19950814,93,80
GHCND:USW00012839,10.7,25.78333,-80.28333,19950815,97,80
GHCND:USW00012839,10.7,25.78333,-80.28333,19950816,95,79
GHCND:USW00012839,10.7,25.78333,-80.28333,19950817,92,80
GHCND:USW00012839,10.7,25.78333,-80.28333,19950818,95,79
GHCND:USW00012839,10.7,25.78333,-80.28333,19950819,94,80
GHCND:USW00012839,10.7,25.78333,-80.28333,19950820,93,79
GHCND:USW00012839,10.7,25.78333,-80.28333,19950821,91,78
GHCND:USW00012839,10.7,25.78333,-80.28333,19950822,89,77
GHCND:USW00012839,10.7,25.78333,-80.28333,19950823,87,76
GHCND:USW00012839,10.7,25.78333,-80.28333,19950824,81,75
GHCND:USW00012839,10.7,25.78333,-80.28333,19950825,89,79
GHCND:USW00012839,10.7,25.78333,-80.28333,19950826,90,78
GHCND:USW00012839,10.7,25.78333,-80.28333,19950827,89,77
GHCND:USW00012839,10.7,25.78333,-80.28333,19950828,92,78
GHCND:USW00012839,10.7,25.78333,-80.28333,19950829,94,80
GHCND:USW00012839,10.7,25.78333,-80.28333,19950830,94,79
GHCND:USW00012839,10.7,25.78333,-80.28333,19950831,91,78
GHCND:USW00012839,10.7,25.78333,-80.28333,19950901,89,81
GHCND:USW00012839,10.7,25.78333,-80.28333,19950902,91,77
GHCND:USW00012839,10.7,25.78333,-80.28333,19950903,94,78
GHCND:USW00012839,10.7,25.78333,-80.28333,19950904,91,77
GHCND:USW00012839,10.7,25.78333,-80.28333,19950905,88,73
GHCND:USW00012839,10.7,25.78333,-80.28333,19950906,87,75
GHCND:USW00012839,10.7,25.78333,-80.28333,19950907,89,73
GHCND:USW00012839,10.7,25.78333,-80.28333,19950908,88,74
GHCND:USW00012839,10.7,25.78333,-80.28333,19950909,87,73
GHCND:USW00012839,10.7,25.78333,-80.28333,19950910,90,75
GHCND:USW00012839,10.7,25.78333,-80.28333,19950911,89,75
GHCND:USW00012839,10.7,25.78333,-80.28333,19950912,90,75
GHCND:USW00012839,10.7,25.78333,-80.28333,19950913,91,80
GHCND:USW00012839,10.7,25.78333,-80.28333,19950914,91,81
GHCND:USW00012839,10.7,25.78333,-80.28333,19950915,90,81
GHCND:USW00012839,10.7,25.78333,-80.28333,19950916,89,80
GHCND:USW00012839,10.7,25.78333,-80.28333,19950917,91,78
GHCND:USW00012839,10.7,25.78333,-80.28333,19950918,93,79
GHCND:USW00012839,10.7,25.78333,-80.28333,19950919,94,78
GHCND:USW00012839,10.7,25.78333,-80.28333,19950920,91,79
GHCND:USW00012839,10.7,25.78333,-80.28333,19950921,90,79
GHCND:USW00012839,10.7,25.78333,-80.28333,19950922,90,74
GHCND:USW00012839,10.7,25.78333,-80.28333,19950923,91,76
GHCND:USW00012839,10.7,25.78333,-80.28333,19950924,91,79
GHCND:USW00012839,10.7,25.78333,-80.28333,19950925,91,80
GHCND:USW00012839,10.7,25.78333,-80.28333,19950926,91,81
GHCND:USW00012839,10.7,25.78333,-80.28333,19950927,91,79
GHCND:USW00012839,10.7,25.78333,-80.28333,19950928,84,74
GHCND:USW00012839,10.7,25.78333,-80.28333,19950929,89,74
GHCND:USW00012839,10.7,25.78333,-80.28333,19950930,93,76
GHCND:USW00012839,10.7,25.78333,-80.28333,19951001,90,78
GHCND:USW00012839,10.7,25.78333,-80.28333,19951002,89,78
GHCND:USW00012839,10.7,25.78333,-80.28333,19951003,90,81
GHCND:USW00012839,10.7,25.78333,-80.28333,19951004,89,83
GHCND:USW00012839,10.7,25.78333,-80.28333,19951005,89,79
GHCND:USW00012839,10.7,25.78333,-80.28333,19951006,88,75
GHCND:USW00012839,10.7,25.78333,-80.28333,19951007,88,77
GHCND:USW00012839,10.7,25.78333,-80.28333,19951008,88,76
GHCND:USW00012839,10.7,25.78333,-80.28333,19951009,87,77
GHCND:USW00012839,10.7,25.78333,-80.28333,19951010,87,78
GHCND:USW00012839,10.7,25.78333,-80.28333,19951011,88,79
GHCND:USW00012839,10.7,25.78333,-80.28333,19951012,89,80
GHCND:USW00012839,10.7,25.78333,-80.28333,19951013,87,75
GHCND:USW00012839,10.7,25.78333,-80.28333,19951014,86,76
GHCND:USW00012839,10.7,25.78333,-80.28333,19951015,88,77
GHCND:USW00012839,10.7,25.78333,-80.28333,19951016,85,74
GHCND:USW00012839,10.7,25.78333,-80.28333,19951017,82,72
GHCND:USW00012839,10.7,25.78333,-80.28333,19951018,81,74
GHCND:USW00012839,10.7,25.78333,-80.28333,19951019,83,74
GHCND:USW00012839,10.7,25.78333,-80.28333,19951020,87,75
GHCND:USW00012839,10.7,25.78333,-80.28333,19951021,87,75
GHCND:USW00012839,10.7,25.78333,-80.28333,19951022,83,75
GHCND:USW00012839,10.7,25.78333,-80.28333,19951023,84,76
GHCND:USW00012839,10.7,25.78333,-80.28333,19951024,86,77
GHCND:USW00012839,10.7,25.78333,-80.28333,19951025,86,76
GHCND:USW00012839,10.7,25.78333,-80.28333,19951026,87,76
GHCND:USW00012839,10.7,25.78333,-80.28333,19951027,87,75
GHCND:USW00012839,10.7,25.78333,-80.28333,19951028,90,77
GHCND:USW00012839,10.7,25.78333,-80.28333,19951029,86,72
GHCND:USW00012839,10.7,25.78333,-80.28333,19951030,83,72
GHCND:USW00012839,10.7,25.78333,-80.28333,19951031,85,78
GHCND:USW00012839,10.7,25.78333,-80.28333,19951101,88,78
GHCND:USW00012839,10.7,25.78333,-80.28333,19951102,87,78
GHCND:USW00012839,10.7,25.78333,-80.28333,19951103,87,76
GHCND:USW00012839,10.7,25.78333,-80.28333,19951104,89,74
GHCND:USW00012839,10.7,25.78333,-80.28333,19951105,86,70
GHCND:USW00012839,10.7,25.78333,-80.28333,19951106,86,71
GHCND:USW00012839,10.7,25.78333,-80.28333,19951107,85,74
GHCND:USW00012839,10.7,25.78333,-80.28333,19951108,87,70
GHCND:USW00012839,10.7,25.78333,-80.28333,19951109,81,59
GHCND:USW00012839,10.7,25.78333,-80.28333,19951110,83,69
GHCND:USW00012839,10.7,25.78333,-80.28333,19951111,84,75
GHCND:USW00012839,10.7,25.78333,-80.28333,19951112,76,68
GHCND:USW00012839,10.7,25.78333,-80.28333,19951113,81,64
GHCND:USW00012839,10.7,25.78333,-80.28333,19951114,74,60
GHCND:USW00012839,10.7,25.78333,-80.28333,19951115,70,54
GHCND:USW00012839,10.7,25.78333,-80.28333,19951116,76,54
GHCND:USW00012839,10.7,25.78333,-80.28333,19951117,76,61
GHCND:USW00012839,10.7,25.78333,-80.28333,19951118,78,65
GHCND:USW00012839,10.7,25.78333,-80.28333,19951119,80,65
GHCND:USW00012839,10.7,25.78333,-80.28333,19951120,80,64
GHCND:USW00012839,10.7,25.78333,-80.28333,19951121,80,66
GHCND:USW00012839,10.7,25.78333,-80.28333,19951122,78,60
GHCND:USW00012839,10.7,25.78333,-80.28333,19951123,78,58
GHCND:USW00012839,10.7,25.78333,-80.28333,19951124,81,65
GHCND:USW00012839,10.7,25.78333,-80.28333,19951125,78,61
GHCND:USW00012839,10.7,25.78333,-80.28333,19951126,78,56
GHCND:USW00012839,10.7,25.78333,-80.28333,19951127,82,68
GHCND:USW00012839,10.7,25.78333,-80.28333,19951128,83,71
GHCND:USW00012839,10.7,25.78333,-80.28333,19951129,81,71
GHCND:USW00012839,10.7,25.78333,-80.28333,19951130,81,66
GHCND:USW00012839,10.7,25.78333,-80.28333,19951201,80,61
GHCND:USW00012839,10.7,25.78333,-80.28333,19951202,81,60
GHCND:USW00012839,10.7,25.78333,-80.28333,19951203,81,63
GHCND:USW00012839,10.7,25.78333,-80.28333,19951204,82,68
GHCND:USW00012839,10.7,25.78333,-80.28333,19951205,83,67
GHCND:USW00012839,10.7,25.78333,-80.28333,19951206,81,67
GHCND:USW00012839,10.7,25.78333,-80.28333,19951207,82,66
GHCND:USW00012839,10.7,25.78333,-80.28333,19951208,84,66
GHCND:USW00012839,10.7,25.78333,-80.28333,19951209,83,67
GHCND:USW00012839,10.7,25.78333,-80.28333,19951210,74,58
GHCND:USW00012839,10.7,25.78333,-80.28333,19951211,75,53
GHCND:USW00012839,10.7,25.78333,-80.28333,19951212,77,67
GHCND:USW00012839,10.7,25.78333,-80.28333,19951213,80,69
GHCND:USW00012839,10.7,25.78333,-80.28333,19951214,82,70
GHCND:USW00012839,10.7,25.78333,-80.28333,19951215,81,68
GHCND:USW00012839,10.7,25.78333,-80.28333,19951216,82,69
GHCND:USW00012839,10.7,25.78333,-80.28333,19951217,81,67
GHCND:USW00012839,10.7,25.78333,-80.28333,19951218,81,73
GHCND:USW00012839,10.7,25.78333,-80.28333,19951219,84,68
GHCND:USW00012839,10.7,25.78333,-80.28333,19951220,76,58
GHCND:USW00012839,10.7,25.78333,-80.28333,19951221,65,51
GHCND:USW00012839,10.7,25.78333,-80.28333,19951222,64,52
GHCND:USW00012839,10.7,25.78333,-80.28333,19951223,62,56
GHCND:USW00012839,10.7,25.78333,-80.28333,19951224,58,45
GHCND:USW00012839,10.7,25.78333,-80.28333,19951225,59,40
GHCND:USW00012839,10.7,25.78333,-80.28333,19951226,64,46
GHCND:USW00012839,10.7,25.78333,-80.28333,19951227,64,47
GHCND:USW00012839,10.7,25.78333,-80.28333,19951228,58,53
GHCND:USW00012839,10.7,25.78333,-80.28333,19951229,76,54
GHCND:USW00012839,10.7,25.78333,-80.28333,19951230,80,66
GHCND:USW00012839,10.7,25.78333,-80.28333,19951231,76,72
GHCND:USW00012839,10.7,25.78333,-80.28333,19960101,84,71
GHCND:USW00012839,10.7,25.78333,-80.28333,19960102,86,75
GHCND:USW00012839,10.7,25.78333,-80.28333,19960103,78,60
GHCND:USW00012839,10.7,25.78333,-80.28333,19960104,68,52
GHCND:USW00012839,10.7,25.78333,-80.28333,19960105,72,53
GHCND:USW00012839,10.7,25.78333,-80.28333,19960106,77,56
GHCND:USW00012839,10.7,25.78333,-80.28333,19960107,78,51
GHCND:USW00012839,10.7,25.78333,-80.28333,19960108,56,43
GHCND:USW00012839,10.7,25.78333,-80.28333,19960109,61,38
GHCND:USW00012839,10.7,25.78333,-80.28333,19960110,71,46
GHCND:USW00012839,10.7,25.78333,-80.28333,19960111,74,50
GHCND:USW00012839,10.7,25.78333,-80.28333,19960112,76,52
GHCND:USW00012839,10.7,25.78333,-80.28333,19960113,61,46
GHCND:USW00012839,10.7,25.78333,-80.28333,19960114,71,45
GHCND:USW00012839,10.7,25.78333,-80.28333,19960115,73,59
GHCND:USW00012839,10.7,25.78333,-80.28333,19960116,77,66
GHCND:USW00012839,10.7,25.78333,-80.28333,19960117,79,69
GHCND:USW00012839,10.7,25.78333,-80.28333,19960118,80,66
GHCND:USW00012839,10.7,25.78333,-80.28333,19960119,83,66
GHCND:USW00012839,10.7,25.78333,-80.28333,19960120,79,57
GHCND:USW00012839,10.7,25.78333,-80.28333,19960121,84,65
GHCND:USW00012839,10.7,25.78333,-80.28333,19960122,78,65
GHCND:USW00012839,10.7,25.78333,-80.28333,19960123,77,68
GHCND:USW00012839,10.7,25.78333,-80.28333,19960124,82,68
GHCND:USW00012839,10.7,25.78333,-80.28333,19960125,81,64
GHCND:USW00012839,10.7,25.78333,-80.28333,19960126,79,69
GHCND:USW00012839,10.7,25.78333,-80.28333,19960127,82,69
GHCND:USW00012839,10.7,25.78333,-80.28333,19960128,76,64
GHCND:USW00012839,10.7,25.78333,-80.28333,19960129,78,69
GHCND:USW00012839,10.7,25.78333,-80.28333,19960130,81,67
GHCND:USW00012839,10.7,25.78333,-80.28333,19960131,83,64
GHCND:USW00012839,10.7,25.78333,-80.28333,19960201,81,64
GHCND:USW00012839,10.7,25.78333,-80.28333,19960202,82,69
GHCND:USW00012839,10.7,25.78333,-80.28333,19960203,82,58
GHCND:USW00012839,10.7,25.78333,-80.28333,19960204,59,42
GHCND:USW00012839,10.7,25.78333,-80.28333,19960205,62,37
GHCND:USW00012839,10.7,25.78333,-80.28333,19960206,68,48
GHCND:USW00012839,10.7,25.78333,-80.28333,19960207,74,54
GHCND:USW00012839,10.7,25.78333,-80.28333,19960208,75,58
GHCND:USW00012839,10.7,25.78333,-80.28333,19960209,78,55
GHCND:USW00012839,10.7,25.78333,-80.28333,19960210,80,55
GHCND:USW00012839,10.7,25.78333,-80.28333,19960211,78,59
GHCND:USW00012839,10.7,25.78333,-80.28333,19960212,73,53
GHCND:USW00012839,10.7,25.78333,-80.28333,19960213,70,47
GHCND:USW00012839,10.7,25.78333,-80.28333,19960214,76,50
GHCND:USW00012839,10.7,25.78333,-80.28333,19960215,80,58
GHCND:USW00012839,10.7,25.78333,-80.28333,19960216,77,50
GHCND:USW00012839,10.7,25.78333,-80.28333,19960217,58,39
GHCND:USW00012839,10.7,25.78333,-80.28333,19960218,68,40
GHCND:USW00012839,10.7,25.78333,-80.28333,19960219,73,52
GHCND:USW00012839,10.7,25.78333,-80.28333,19960220,81,65
GHCND:USW00012839,10.7,25.78333,-80.28333,19960221,83,66
GHCND:USW00012839,10.7,25.78333,-80.28333,19960222,83,63
GHCND:USW00012839,10.7,25.78333,-80.28333,19960223,83,65
GHCND:USW00012839,10.7,25.78333,-80.28333,19960224,85,64
GHCND:USW00012839,10.7,25.78333,-80.28333,19960225,84,64
GHCND:USW00012839,10.7,25.78333,-80.28333,19960226,82,67
GHCND:USW00012839,10.7,25.78333,-80.28333,19960227,83,66
GHCND:USW00012839,10.7,25.78333,-80.28333,19960228,84,68
GHCND:USW00012839,10.7,25.78333,-80.28333,19960229,84,65
GHCND:USW00012839,10.7,25.78333,-80.28333,19960301,86,68
GHCND:USW00012839,10.7,25.78333,-80.28333,19960302,83,62
GHCND:USW00012839,10.7,25.78333,-80.28333,19960303,69,62
GHCND:USW00012839,10.7,25.78333,-80.28333,19960304,76,68
GHCND:USW00012839,10.7,25.78333,-80.28333,19960305,80,70
GHCND:USW00012839,10.7,25.78333,-80.28333,19960306,83,72
GHCND:USW00012839,10.7,25.78333,-80.28333,19960307,86,72
GHCND:USW00012839,10.7,25.78333,-80.28333,19960308,75,56
GHCND:USW00012839,10.7,25.78333,-80.28333,19960309,67,46
GHCND:USW00012839,10.7,25.78333,-80.28333,19960310,59,52
GHCND:USW00012839,10.7,25.78333,-80.28333,19960311,57,53
GHCND:USW00012839,10.7,25.78333,-80.28333,19960312,74,52
GHCND:USW00012839,10.7,25.78333,-80.28333,19960313,77,53
GHCND:USW00012839,10.7,25.78333,-80.28333,19960314,76,56
GHCND:USW00012839,10.7,25.78333,-80.28333,19960315,76,59
GHCND:USW00012839,10.7,25.78333,-80.28333,19960316,79,59
GHCND:USW00012839,10.7,25.78333,-80.28333,19960317,82,63
GHCND:USW00012839,10.7,25.78333,-80.28333,19960318,87,73
GHCND:USW00012839,10.7,25.78333,-80.28333,19960319,80,58
GHCND:USW00012839,10.7,25.78333,-80.28333,19960320,73,55
GHCND:USW00012839,10.7,25.78333,-80.28333,19960321,67,51
GHCND:USW00012839,10.7,25.78333,-80.28333,19960322,70,51
GHCND:USW00012839,10.7,25.78333,-80.28333,19960323,75,52
GHCND:USW00012839,10.7,25.78333,-80.28333,19960324,78,66
GHCND:USW00012839,10.7,25.78333,-80.28333,19960325,79,67
GHCND:USW00012839,10.7,25.78333,-80.28333,19960326,83,71
GHCND:USW00012839,10.7,25.78333,-80.28333,19960327,82,73
GHCND:USW00012839,10.7,25.78333,-80.28333,19960328,83,73
GHCND:USW00012839,10.7,25.78333,-80.28333,19960329,86,68
GHCND:USW00012839,10.7,25.78333,-80.28333,19960330,87,70
GHCND:USW00012839,10.7,25.78333,-80.28333,19960331,89,67
GHCND:USW00012839,10.7,25.78333,-80.28333,19960401,86,66
GHCND:USW00012839,10.7,25.78333,-80.28333,19960402,73,57
GHCND:USW00012839,10.7,25.78333,-80.28333,19960403,80,60
GHCND:USW00012839,10.7,25.78333,-80.28333,19960404,81,67
GHCND:USW00012839,10.7,25.78333,-80.28333,19960405,84,69
GHCND:USW00012839,10.7,25.78333,-80.28333,19960406,85,67
GHCND:USW00012839,10.7,25.78333,-80.28333,19960407,86,73
GHCND:USW00012839,10.7,25.78333,-80.28333,19960408,82,69
GHCND:USW00012839,10.7,25.78333,-80.28333,19960409,72,66
GHCND:USW00012839,10.7,25.78333,-80.28333,19960410,78,61
GHCND:USW00012839,10.7,25.78333,-80.28333,19960411,78,60
GHCND:USW00012839,10.7,25.78333,-80.28333,19960412,76,64
GHCND:USW00012839,10.7,25.78333,-80.28333,19960413,82,68
GHCND:USW00012839,10.7,25.78333,-80.28333,19960414,84,69
GHCND:USW00012839,10.7,25.78333,-80.28333,19960415,83,71
GHCND:USW00012839,10.7,25.78333,-80.28333,19960416,87,72
GHCND:USW00012839,10.7,25.78333,-80.28333,19960417,79,66
GHCND:USW00012839,10.7,25.78333,-80.28333,19960418,80,68
GHCND:USW00012839,10.7,25.78333,-80.28333,19960419,81,69
GHCND:USW00012839,10.7,25.78333,-80.28333,19960420,81,69
GHCND:USW00012839,10.7,25.78333,-80.28333,19960421,84,74
GHCND:USW00012839,10.7,25.78333,-80.28333,19960422,84,74
GHCND:USW00012839,10.7,25.78333,-80.28333,19960423,85,74
GHCND:USW00012839,10.7,25.78333,-80.28333,19960424,92,71
GHCND:USW00012839,10.7,25.78333,-80.28333,19960425,85,74
GHCND:USW00012839,10.7,25.78333,-80.28333,19960426,87,74
GHCND:USW00012839,10.7,25.78333,-80.28333,19960427,89,74
GHCND:USW00012839,10.7,25.78333,-80.28333,19960428,87,77
GHCND:USW00012839,10.7,25.78333,-80.28333,19960429,87,78
GHCND:USW00012839,10.7,25.78333,-80.28333,19960430,84,74
GHCND:USW00012839,10.7,25.78333,-80.28333,19960501,83,74
GHCND:USW00012839,10.7,25.78333,-80.28333,19960502,86,76
GHCND:USW00012839,10.7,25.78333,-80.28333,19960503,87,74
GHCND:USW00012839,10.7,25.78333,-80.28333,19960504,86,75
GHCND:USW00012839,10.7,25.78333,-80.28333,19960505,86,77
GHCND:USW00012839,10.7,25.78333,-80.28333,19960506,86,76
GHCND:USW00012839,10.7,25.78333,-80.28333,19960507,86,77
GHCND:USW00012839,10.7,25.78333,-80.28333,19960508,87,72
GHCND:USW00012839,10.7,25.78333,-80.28333,19960509,87,72
GHCND:USW00012839,10.7,25.78333,-80.28333,19960510,86,76
GHCND:USW00012839,10.7,25.78333,-80.28333,19960511,85,74
GHCND:USW00012839,10.7,25.78333,-80.28333,19960512,91,71
GHCND:USW00012839,10.7,25.78333,-80.28333,19960513,92,73
GHCND:USW00012839,10.7,25.78333,-80.28333,19960514,88,74
GHCND:USW00012839,10.7,25.78333,-80.28333,19960515,85,76
GHCND:USW00012839,10.7,25.78333,-80.28333,19960516,87,75
GHCND:USW00012839,10.7,25.78333,-80.28333,19960517,85,75
GHCND:USW00012839,10.7,25.78333,-80.28333,19960518,85,77
GHCND:USW00012839,10.7,25.78333,-80.28333,19960519,87,78
GHCND:USW00012839,10.7,25.78333,-80.28333,19960520,87,74
GHCND:USW00012839,10.7,25.78333,-80.28333,19960521,80,74
GHCND:USW00012839,10.7,25.78333,-80.28333,19960522,89,77
GHCND:USW00012839,10.7,25.78333,-80.28333,19960523,85,76
GHCND:USW00012839,10.7,25.78333,-80.28333,19960524,89,77
GHCND:USW00012839,10.7,25.78333,-80.28333,19960525,93,76
GHCND:USW00012839,10.7,25.78333,-80.28333,19960526,92,75
GHCND:USW00012839,10.7,25.78333,-80.28333,19960527,89,76
GHCND:USW00012839,10.7,25.78333,-80.28333,19960528,93,71
GHCND:USW00012839,10.7,25.78333,-80.28333,19960529,93,74
GHCND:USW00012839,10.7,25.78333,-80.28333,19960530,93,74
GHCND:USW00012839,10.7,25.78333,-80.28333,19960531,88,74
GHCND:USW00012839,10.7,25.78333,-80.28333,19960601,85,75
GHCND:USW00012839,10.7,25.78333,-80.28333,19960602,84,75
GHCND:USW00012839,10.7,25.78333,-80.28333,19960603,84,75
GHCND:USW00012839,10.7,25.78333,-80.28333,19960604,88,75
GHCND:USW00012839,10.7,25.78333,-80.28333,19960605,93,76
GHCND:USW00012839,10.7,25.78333,-80.28333,19960606,92,76
GHCND:USW00012839,10.7,25.78333,-80.28333,19960607,89,77
GHCND:USW00012839,10.7,25.78333,-80.28333,19960608,91,77
GHCND:USW00012839,10.7,25.78333,-80.28333,19960609,92,73
GHCND:USW00012839,10.7,25.78333,-80.28333,19960610,88,72
GHCND:USW00012839,10.7,25.78333,-80.28333,19960611,88,76
GHCND:USW00012839,10.7,25.78333,-80.28333,19960612,88,74
GHCND:USW00012839,10.7,25.78333,-80.28333,19960613,83,74
GHCND:USW00012839,10.7,25.78333,-80.28333,19960614,87,77
GHCND:USW00012839,10.7,25.78333,-80.28333,19960615,88,77
GHCND:USW00012839,10.7,25.78333,-80.28333,19960616,88,77
GHCND:USW00012839,10.7,25.78333,-80.28333,19960617,88,77
GHCND:USW00012839,10.7,25.78333,-80.28333,19960618,91,75
GHCND:USW00012839,10.7,25.78333,-80.28333,19960619,91,74
GHCND:USW00012839,10.7,25.78333,-80.28333,19960620,88,73
GHCND:USW00012839,10.7,25.78333,-80.28333,19960621,93,73
GHCND:USW00012839,10.7,25.78333,-80.28333,19960622,93,76
GHCND:USW00012839,10.7,25.78333,-80.28333,19960623,94,75
GHCND:USW00012839,10.7,25.78333,-80.28333,19960624,93,76
GHCND:USW00012839,10.7,25.78333,-80.28333,19960625,92,79
GHCND:USW00012839,10.7,25.78333,-80.28333,19960626,92,76
GHCND:USW00012839,10.7,25.78333,-80.28333,19960627,92,76
GHCND:USW00012839,10.7,25.78333,-80.28333,19960628,91,74
GHCND:USW00012839,10.7,25.78333,-80.28333,19960629,91,77
GHCND:USW00012839,10.7,25.78333,-80.28333,19960630,86,77
GHCND:USW00012839,10.7,25.82389,-80.29972,19960701,88,74
GHCND:USW00012839,10.7,25.82389,-80.29972,19960702,90,76
GHCND:USW00012839,10.7,25.82389,-80.29972,19960703,92,78
GHCND:USW00012839,10.7,25.82389,-80.29972,19960704,92,78
GHCND:USW00012839,10.7,25.82389,-80.29972,19960705,91,79
GHCND:USW00012839,10.7,25.82389,-80.29972,19960706,91,77
GHCND:USW00012839,10.7,25.82389,-80.29972,19960707,91,81
GHCND:USW00012839,10.7,25.82389,-80.29972,19960708,90,81
GHCND:USW00012839,10.7,25.82389,-80.29972,19960709,92,78
GHCND:USW00012839,10.7,25.82389,-80.29972,19960710,93,76
GHCND:USW00012839,10.7,25.82389,-80.29972,19960711,93,79
GHCND:USW00012839,10.7,25.82389,-80.29972,19960712,90,72
GHCND:USW00012839,10.7,25.82389,-80.29972,19960713,89,74
GHCND:USW00012839,10.7,25.82389,-80.29972,19960714,90,79
GHCND:USW00012839,10.7,25.82389,-80.29972,19960715,90,80
GHCND:USW00012839,10.7,25.82389,-80.29972,19960716,91,75
GHCND:USW00012839,10.7,25.82389,-80.29972,19960717,90,82
GHCND:USW00012839,10.7,25.82389,-80.29972,19960718,89,79
GHCND:USW00012839,10.7,25.82389,-80.29972,19960719,89,79
GHCND:USW00012839,10.7,25.82389,-80.29972,19960720,89,77
GHCND:USW00012839,10.7,25.82389,-80.29972,19960721,91,77
GHCND:USW00012839,10.7,25.82389,-80.29972,19960722,91,79
GHCND:USW00012839,10.7,25.82389,-80.29972,19960723,89,78
GHCND:USW00012839,10.7,25.82389,-80.29972,19960724,91,80
GHCND:USW00012839,10.7,25.82389,-80.29972,19960725,90,81
GHCND:USW00012839,10.7,25.82389,-80.29972,19960726,90,80
GHCND:USW00012839,10.7,25.82389,-80.29972,19960727,91,81
GHCND:USW00012839,10.7,25.82389,-80.29972,19960728,91,82
GHCND:USW00012839,10.7,25.82389,-80.29972,19960729,90,81
GHCND:USW00012839,10.7,25.82389,-80.29972,19960730,90,79
GHCND:USW00012839,10.7,25.82389,-80.29972,19960731,91,80
GHCND:USW00012839,10.7,25.82389,-80.29972,19960801,90,76
GHCND:USW00012839,10.7,25.82389,-80.29972,19960802,90,79
GHCND:USW00012839,10.7,25.82389,-80.29972,19960803,91,78
GHCND:USW00012839,10.7,25.82389,-80.29972,19960804,91,82
GHCND:USW00012839,10.7,25.82389,-80.29972,19960805,91,81
GHCND:USW00012839,10.7,25.82389,-80.29972,19960806,90,77
GHCND:USW00012839,10.7,25.82389,-80.29972,19960807,90,82
GHCND:USW00012839,10.7,25.82389,-80.29972,19960808,87,75
GHCND:USW00012839,10.7,25.82389,-80.29972,19960809,90,76
GHCND:USW00012839,10.7,25.82389,-80.29972,19960810,91,77
GHCND:USW00012839,10.7,25.82389,-80.29972,19960811,91,78
GHCND:USW00012839,10.7,25.82389,-80.29972,19960812,92,78
GHCND:USW00012839,10.7,25.82389,-80.29972,19960813,91,79
GHCND:USW00012839,10.7,25.82389,-80.29972,19960814,93,75
GHCND:USW00012839,10.7,25.82389,-80.29972,19960815,92,78
GHCND:USW00012839,10.7,25.82389,-80.29972,19960816,88,80
GHCND:USW00012839,10.7,25.82389,-80.29972,19960817,91,75
GHCND:USW00012839,10.7,25.82389,-80.29972,19960818,90,75
GHCND:USW00012839,10.7,25.82389,-80.29972,19960819,89,72
GHCND:USW00012839,10.7,25.82389,-80.29972,19960820,88,73
GHCND:USW00012839,10.7,25.82389,-80.29972,19960821,89,73
GHCND:USW00012839,10.7,25.82389,-80.29972,19960822,88,72
GHCND:USW00012839,10.7,25.82389,-80.29972,19960823,88,72
GHCND:USW00012839,10.7,25.82389,-80.29972,19960824,89,73
GHCND:USW00012839,10.7,25.82389,-80.29972,19960825,88,74
GHCND:USW00012839,10.7,25.82389,-80.29972,19960826,87,77
GHCND:USW00012839,10.7,25.82389,-80.29972,19960827,85,75
GHCND:USW00012839,10.7,25.82389,-80.29972,19960828,89,76
GHCND:USW00012839,10.7,25.82389,-80.29972,19960829,90,77
GHCND:USW00012839,10.7,25.82389,-80.29972,19960830,90,78
GHCND:USW00012839,10.7,25.82389,-80.29972,19960831,93,77
GHCND:USW00012839,10.7,25.82389,-80.29972,19960901,93,79
GHCND:USW00012839,10.7,25.82389,-80.29972,19960902,93,75
GHCND:USW00012839,10.7,25.82389,-80.29972,19960903,91,78
GHCND:USW00012839,10.7,25.82389,-80.29972,19960904,93,76
GHCND:USW00012839,10.7,25.82389,-80.29972,19960905,93,78
GHCND:USW00012839,10.7,25.82389,-80.29972,19960906,92,76
GHCND:USW00012839,10.7,25.82389,-80.29972,19960907,91,79
GHCND:USW00012839,10.7,25.82389,-80.29972,19960908,89,74
GHCND:USW00012839,10.7,25.82389,-80.29972,19960909,85,73
GHCND:USW00012839,10.7,25.82389,-80.29972,19960910,88,75
GHCND:USW00012839,10.7,25.82389,-80.29972,19960911,87,73
GHCND:USW00012839,10.7,25.82389,-80.29972,19960912,89,76
GHCND:USW00012839,10.7,25.82389,-80.29972,19960913,91,76
GHCND:USW00012839,10.7,25.82389,-80.29972,19960914,92,77
GHCND:USW00012839,10.7,25.82389,-80.29972,19960915,89,77
GHCND:USW00012839,10.7,25.82389,-80.29972,19960916,89,76
GHCND:USW00012839,10.7,25.82389,-80.29972,19960917,89,79
GHCND:USW00012839,10.7,25.82389,-80.29972,19960918,93,78
GHCND:USW00012839,10.7,25.82389,-80.29972,19960919,92,75
GHCND:USW00012839,10.7,25.82389,-80.29972,19960920,89,76
GHCND:USW00012839,10.7,25.82389,-80.29972,19960921,90,75
GHCND:USW00012839,10.7,25.82389,-80.29972,19960922,91,76
GHCND:USW00012839,10.7,25.82389,-80.29972,19960923,88,77
GHCND:USW00012839,10.7,25.82389,-80.29972,19960924,87,78
GHCND:USW00012839,10.7,25.82389,-80.29972,19960925,87,76
GHCND:USW00012839,10.7,25.82389,-80.29972,19960926,88,77
GHCND:USW00012839,10.7,25.82389,-80.29972,19960927,89,78
GHCND:USW00012839,10.7,25.82389,-80.29972,19960928,89,79
GHCND:USW00012839,10.7,25.82389,-80.29972,19960929,89,80
GHCND:USW00012839,10.7,25.82389,-80.29972,19960930,88,74
GHCND:USW00012839,10.7,25.82389,-80.29972,19961001,87,77
GHCND:USW00012839,10.7,25.82389,-80.29972,19961002,87,80
GHCND:USW00012839,10.7,25.82389,-80.29972,19961003,85,74
GHCND:USW00012839,10.7,25.82389,-80.29972,19961004,83,73
GHCND:USW00012839,10.7,25.82389,-80.29972,19961005,86,73
GHCND:USW00012839,10.7,25.82389,-80.29972,19961006,80,74
GHCND:USW00012839,10.7,25.82389,-80.29972,19961007,87,75
GHCND:USW00012839,10.7,25.82389,-80.29972,19961008,86,76
GHCND:USW00012839,10.7,25.82389,-80.29972,19961009,87,75
GHCND:USW00012839,10.7,25.82389,-80.29972,19961010,85,74
GHCND:USW00012839,10.7,25.82389,-80.29972,19961011,81,73
GHCND:USW00012839,10.7,25.82389,-80.29972,19961012,83,73
GHCND:USW00012839,10.7,25.82389,-80.29972,19961013,79,73
GHCND:USW00012839,10.7,25.82389,-80.29972,19961014,83,73
GHCND:USW00012839,10.7,25.82389,-80.29972,19961015,84,74
GHCND:USW00012839,10.7,25.82389,-80.29972,19961016,86,74
GHCND:USW00012839,10.7,25.82389,-80.29972,19961017,82,74
GHCND:USW00012839,10.7,25.82389,-80.29972,19961018,84,74
GHCND:USW00012839,10.7,25.82389,-80.29972,19961019,81,68
GHCND:USW00012839,10.7,25.82389,-80.29972,19961020,81,64
GHCND:USW00012839,10.7,25.82389,-80.29972,19961021,82,68
GHCND:USW00012839,10.7,25.82389,-80.29972,19961022,83,69
GHCND:USW00012839,10.7,25.82389,-80.29972,19961023,83,71
GHCND:USW00012839,10.7,25.82389,-80.29972,19961024,84,69
GHCND:USW00012839,10.7,25.82389,-80.29972,19961025,84,70
GHCND:USW00012839,10.7,25.82389,-80.29972,19961026,86,76
GHCND:USW00012839,10.7,25.82389,-80.29972,19961027,86,77
GHCND:USW00012839,10.7,25.82389,-80.29972,19961028,84,72
GHCND:USW00012839,10.7,25.82389,-80.29972,19961029,85,70
GHCND:USW00012839,10.7,25.82389,-80.29972,19961030,85,73
GHCND:USW00012839,10.7,25.82389,-80.29972,19961031,85,72
GHCND:USW00012839,10.7,25.82389,-80.29972,19961101,83,71
GHCND:USW00012839,10.7,25.82389,-80.29972,19961102,86,73
GHCND:USW00012839,10.7,25.82389,-80.29972,19961103,82,72
GHCND:USW00012839,10.7,25.82389,-80.29972,19961104,83,75
GHCND:USW00012839,10.7,25.82389,-80.29972,19961105,85,76
GHCND:USW00012839,10.7,25.82389,-80.29972,19961106,85,75
GHCND:USW00012839,10.7,25.82389,-80.29972,19961107,85,76
GHCND:USW00012839,10.7,25.82389,-80.29972,19961108,85,69
GHCND:USW00012839,10.7,25.82389,-80.29972,19961109,74,60
GHCND:USW00012839,10.7,25.82389,-80.29972,19961110,76,56
GHCND:USW00012839,10.7,25.82389,-80.29972,19961111,78,58
GHCND:USW00012839,10.7,25.82389,-80.29972,19961112,78,59
GHCND:USW00012839,10.7,25.82389,-80.29972,19961113,79,72
GHCND:USW00012839,10.7,25.82389,-80.29972,19961114,75,71
GHCND:USW00012839,10.7,25.82389,-80.29972,19961115,78,72
GHCND:USW00012839,10.7,25.82389,-80.29972,19961116,78,73
GHCND:USW00012839,10.7,25.82389,-80.29972,19961117,79,72
GHCND:USW00012839,10.7,25.82389,-80.29972,19961118,79,69
GHCND:USW00012839,10.7,25.82389,-80.29972,19961119,82,67
GHCND:USW00012839,10.7,25.82389,-80.29972,19961120,82,64
GHCND:USW00012839,10.7,25.82389,-80.29972,19961121,82,65
GHCND:USW00012839,10.7,25.82389,-80.29972,19961122,82,63
GHCND:USW00012839,10.7,25.82389,-80.29972,19961123,77,62
GHCND:USW00012839,10.7,25.82389,-80.29972,19961124,79,70
GHCND:USW00012839,10.7,25.82389,-80.29972,19961125,81,73
GHCND:USW00012839,10.7,25.82389,-80.29972,19961126,85,65
GHCND:USW00012839,10.7,25.82389,-80.29972,19961127,78,56
GHCND:USW00012839,10.7,25.82389,-80.29972,19961128,77,70
GHCND:USW00012839,10.7,25.82389,-80.29972,19961129,79,69
GHCND:USW00012839,10.7,25.82389,-80.29972,19961130,79,71
GHCND:USW00012839,10.7,25.82389,-80.29972,19961201,81,71
GHCND:USW00012839,10.7,25.82389,-80.29972,19961202,85,70
GHCND:USW00012839,10.7,25.82389,-80.29972,19961203,84,65
GHCND:USW00012839,10.7,25.82389,-80.29972,19961204,78,66
GHCND:USW00012839,10.7,25.82389,-80.29972,19961205,80,67
GHCND:USW00012839,10.7,25.82389,-80.29972,19961206,83,70
GHCND:USW00012839,10.7,25.82389,-80.29972,19961207,83,67
GHCND:USW00012839,10.7,25.82389,-80.29972,19961208,77,56
GHCND:USW00012839,10.7,25.82389,-80.29972,19961209,68,51
GHCND:USW00012839,10.7,25.82389,-80.29972,19961210,73,53
GHCND:USW00012839,10.7,25.82389,-80.29972,19961211,76,60
GHCND:USW00012839,10.7,25.82389,-80.29972,19961212,79,66
GHCND:USW00012839,10.7,25.82389,-80.29972,19961213,77,67
GHCND:USW00012839,10.7,25.82389,-80.29972,19961214,79,63
GHCND:USW00012839,10.7,25.82389,-80.29972,19961215,77,60
GHCND:USW00012839,10.7,25.82389,-80.29972,19961216,76,60
GHCND:USW00012839,10.7,25.82389,-80.29972,19961217,76,61
GHCND:USW00012839,10.7,25.82389,-80.29972,19961218,79,62
GHCND:USW00012839,10.7,25.82389,-80.29972,19961219,81,48
GHCND:USW00012839,10.7,25.82389,-80.29972,19961220,57,43
GHCND:USW00012839,10.7,25.82389,-80.29972,19961221,70,52
GHCND:USW00012839,10.7,25.82389,-80.29972,19961222,77,66
GHCND:USW00012839,10.7,25.82389,-80.29972,19961223,78,64
GHCND:USW00012839,10.7,25.82389,-80.29972,19961224,79,62
GHCND:USW00012839,10.7,25.82389,-80.29972,19961225,79,60
GHCND:USW00012839,10.7,25.82389,-80.29972,19961226,82,63
GHCND:USW00012839,10.7,25.82389,-80.29972,19961227,80,70
GHCND:USW00012839,10.7,25.82389,-80.29972,19961228,80,67
GHCND:USW00012839,10.7,25.82389,-80.29972,19961229,82,66
GHCND:USW00012839,10.7,25.82389,-80.29972,19961230,81,71
GHCND:USW00012839,10.7,25.82389,-80.29972,19961231,82,66
GHCND:USW00012839,10.7,25.82389,-80.29972,19970101,81,67
GHCND:USW00012839,10.7,25.82389,-80.29972,19970102,83,66
GHCND:USW00012839,10.7,25.82389,-80.29972,19970103,83,66
GHCND:USW00012839,10.7,25.82389,-80.29972,19970104,80,64
GHCND:USW00012839,10.7,25.82389,-80.29972,19970105,82,64
GHCND:USW00012839,10.7,25.82389,-80.29972,19970106,81,65
GHCND:USW00012839,10.7,25.82389,-80.29972,19970107,83,65
GHCND:USW00012839,10.7,25.82389,-80.29972,19970108,82,62
GHCND:USW00012839,10.7,25.82389,-80.29972,19970109,84,68
GHCND:USW00012839,10.7,25.82389,-80.29972,19970110,77,59
GHCND:USW00012839,10.7,25.82389,-80.29972,19970111,69,60
GHCND:USW00012839,10.7,25.82389,-80.29972,19970112,72,62
GHCND:USW00012839,10.7,25.82389,-80.29972,19970113,76,63
GHCND:USW00012839,10.7,25.82389,-80.29972,19970114,71,63
GHCND:USW00012839,10.7,25.82389,-80.29972,19970115,73,66
GHCND:USW00012839,10.7,25.82389,-80.29972,19970116,83,57
GHCND:USW00012839,10.7,25.82389,-80.29972,19970117,62,48
GHCND:USW00012839,10.7,25.82389,-80.29972,19970118,58,42
GHCND:USW00012839,10.7,25.82389,-80.29972,19970119,56,37
GHCND:USW00012839,10.7,25.82389,-80.29972,19970120,69,41
GHCND:USW00012839,10.7,25.82389,-80.29972,19970121,74,53
GHCND:USW00012839,10.7,25.82389,-80.29972,19970122,77,62
GHCND:USW00012839,10.7,25.82389,-80.29972,19970123,81,58
GHCND:USW00012839,10.7,25.82389,-80.29972,19970124,80,66
GHCND:USW00012839,10.7,25.82389,-80.29972,19970125,81,66
GHCND:USW00012839,10.7,25.82389,-80.29972,19970126,79,61
GHCND:USW00012839,10.7,25.82389,-80.29972,19970127,77,66
GHCND:USW00012839,10.7,25.82389,-80.29972,19970128,80,66
GHCND:USW00012839,10.7,25.82389,-80.29972,19970129,82,64
GHCND:USW00012839,10.7,25.82389,-80.29972,19970130,82,64
GHCND:USW00012839,10.7,25.82389,-80.29972,19970131,66,56
GHCND:USW00012839,10.7,25.82389,-80.29972,19970201,73,52
GHCND:USW00012839,10.7,25.82389,-80.29972,19970202,76,54
GHCND:USW00012839,10.7,25.82389,-80.29972,19970203,80,60
GHCND:USW00012839,10.7,25.82389,-80.29972,19970204,84,69
GHCND:USW00012839,10.7,25.82389,-80.29972,19970205,81,72
GHCND:USW00012839,10.7,25.82389,-80.29972,19970206,82,67
GHCND:USW00012839,10.7,25.82389,-80.29972,19970207,83,70
GHCND:USW00012839,10.7,25.82389,-80.29972,19970208,85,70
GHCND:USW00012839,10.7,25.82389,-80.29972,19970209,79,70
GHCND:USW00012839,10.7,25.82389,-80.29972,19970210,82,62
GHCND:USW00012839,10.7,25.82389,-80.29972,19970211,72,57
GHCND:USW00012839,10.7,25.82389,-80.29972,19970212,79,57
GHCND:USW00012839,10.7,25.82389,-80.29972,19970213,82,72
GHCND:USW00012839,10.7,25.82389,-80.29972,19970214,83,74
GHCND:USW00012839,10.7,25.82389,-80.29972,19970215,84,69
GHCND:USW00012839,10.7,25.82389,-80.29972,19970216,82,66
GHCND:USW00012839,10.7,25.82389,-80.29972,19970217,76,65
GHCND:USW00012839,10.7,25.82389,-80.29972,19970218,78,70
GHCND:USW00012839,10.7,25.82389,-80.29972,19970219,81,70
GHCND:USW00012839,10.7,25.82389,-80.29972,19970220,83,72
GHCND:USW00012839,10.7,25.82389,-80.29972,19970221,82,74
GHCND:USW00012839,10.7,25.82389,-80.29972,19970222,82,73
GHCND:USW00012839,10.7,25.82389,-80.29972,19970223,85,68
GHCND:USW00012839,10.7,25.82389,-80.29972,19970224,82,72
GHCND:USW00012839,10.7,25.82389,-80.29972,19970225,81,70
GHCND:USW00012839,10.7,25.82389,-80.29972,19970226,82,72
GHCND:USW00012839,10.7,25.82389,-80.29972,19970227,82,74
GHCND:USW00012839,10.7,25.82389,-80.29972,19970228,83,74
GHCND:USW00012839,10.7,25.82389,-80.29972,19970301,83,74
GHCND:USW00012839,10.7,25.82389,-80.29972,19970302,83,74
GHCND:USW00012839,10.7,25.82389,-80.29972,19970303,83,73
GHCND:USW00012839,10.7,25.82389,-80.29972,19970304,83,70
GHCND:USW00012839,10.7,25.82389,-80.29972,19970305,83,73
GHCND:USW00012839,10.7,25.82389,-80.29972,19970306,86,70
GHCND:USW00012839,10.7,25.82389,-80.29972,19970307,79,70
GHCND:USW00012839,10.7,25.82389,-80.29972,19970308,82,71
GHCND:USW00012839,10.7,25.82389,-80.29972,19970309,82,71
GHCND:USW00012839,10.7,25.82389,-80.29972,19970310,82,70
GHCND:USW00012839,10.7,25.82389,-80.29972,19970311,81,70
GHCND:USW00012839,10.7,25.82389,-80.29972,19970312,85,68
GHCND:USW00012839,10.7,25.82389,-80.29972,19970313,83,73
GHCND:USW00012839,10.7,25.82389,-80.29972,19970314,84,65
GHCND:USW00012839,10.7,25.82389,-80.29972,19970315,83,63
GHCND:USW00012839,10.7,25.82389,-80.29972,19970316,81,66
GHCND:USW00012839,10.7,25.82389,-80.29972,19970317,80,69
GHCND:USW00012839,10.7,25.82389,-80.29972,19970318,80,71
GHCND:USW00012839,10.7,25.82389,-80.29972,19970319,81,69
GHCND:USW00012839,10.7,25.82389,-80.29972,19970320,83,70
GHCND:USW00012839,10.7,25.82389,-80.29972,19970321,80,66
GHCND:USW00012839,10.7,25.82389,-80.29972,19970322,83,64
GHCND:USW00012839,10.7,25.82389,-80.29972,19970323,84,63
GHCND:USW00012839,10.7,25.82389,-80.29972,19970324,84,68
GHCND:USW00012839,10.7,25.82389,-80.29972,19970325,83,73
GHCND:USW00012839,10.7,25.82389,-80.29972,19970326,84,74
GHCND:USW00012839,10.7,25.82389,-80.29972,19970327,86,71
GHCND:USW00012839,10.7,25.82389,-80.29972,19970328,85,71
GHCND:USW00012839,10.7,25.82389,-80.29972,19970329,86,67
GHCND:USW00012839,10.7,25.82389,-80.29972,19970330,87,69
GHCND:USW00012839,10.7,25.82389,-80.29972,19970331,87,70
GHCND:USW00012839,10.7,25.82389,-80.29972,19970401,81,62
GHCND:USW00012839,10.7,25.82389,-80.29972,19970402,78,65
GHCND:USW00012839,10.7,25.82389,-80.29972,19970403,81,68
GHCND:USW00012839,10.7,25.82389,-80.29972,19970404,80,68
GHCND:USW00012839,10.7,25.82389,-80.29972,19970405,81,71
GHCND:USW00012839,10.7,25.82389,-80.29972,19970406,83,73
GHCND:USW00012839,10.7,25.82389,-80.29972,19970407,82,72
GHCND:USW00012839,10.7,25.82389,-80.29972,19970408,85,71
GHCND:USW00012839,10.7,25.82389,-80.29972,19970409,83,68
GHCND:USW00012839,10.7,25.82389,-80.29972,19970410,74,68
GHCND:USW00012839,10.7,25.82389,-80.29972,19970411,81,69
GHCND:USW00012839,10.7,25.82389,-80.29972,19970412,83,71
GHCND:USW00012839,10.7,25.82389,-80.29972,19970413,89,72
GHCND:USW00012839,10.7,25.82389,-80.29972,19970414,85,73
GHCND:USW00012839,10.7,25.82389,-80.29972,19970415,81,71
GHCND:USW00012839,10.7,25.82389,-80.29972,19970416,79,72
GHCND:USW00012839,10.7,25.82389,-80.29972,19970417,85,67
GHCND:USW00012839,10.7,25.82389,-80.29972,19970418,75,60
GHCND:USW00012839,10.7,25.82389,-80.29972,19970419,78,54
GHCND:USW00012839,10.7,25.82389,-80.29972,19970420,81,59
GHCND:USW00012839,10.7,25.82389,-80.29972,19970421,83,64
GHCND:USW00012839,10.7,25.82389,-80.29972,19970422,90,70
GHCND:USW00012839,10.7,25.82389,-80.29972,19970423,89,73
GHCND:USW00012839,10.7,25.82389,-80.29972,19970424,81,66
GHCND:USW00012839,10.7,25.82389,-80.29972,19970425,82,74
GHCND:USW00012839,10.7,25.82389,-80.29972,19970426,83,75
GHCND:USW00012839,10.7,25.82389,-80.29972,19970427,86,78
GHCND:USW00012839,10.7,25.82389,-80.29972,19970428,89,71
GHCND:USW00012839,10.7,25.82389,-80.29972,19970429,86,71
GHCND:USW00012839,10.7,25.82389,-80.29972,19970430,84,67
GHCND:USW00012839,10.7,25.82389,-80.29972,19970501,87,73
GHCND:USW00012839,10.7,25.82389,-80.29972,19970502,91,75
GHCND:USW00012839,10.7,25.82389,-80.29972,19970503,90,79
GHCND:USW00012839,10.7,25.82389,-80.29972,19970504,92,75
GHCND:USW00012839,10.7,25.82389,-80.29972,19970505,81,72
GHCND:USW00012839,10.7,25.82389,-80.29972,19970506,82,70
GHCND:USW00012839,10.7,25.82389,-80.29972,19970507,83,70
GHCND:USW00012839,10.7,25.82389,-80.29972,19970508,82,72
GHCND:USW00012839,10.7,25.82389,-80.29972,19970509,85,71
GHCND:USW00012839,10.7,25.82389,-80.29972,19970510,90,73
GHCND:USW00012839,10.7,25.82389,-80.29972,19970511,86,74
GHCND:USW00012839,10.7,25.82389,-80.29972,19970512,87,71
GHCND:USW00012839,10.7,25.82389,-80.29972,19970513,89,72
GHCND:USW00012839,10.7,25.82389,-80.29972,19970514,85,71
GHCND:USW00012839,10.7,25.82389,-80.29972,19970515,88,72
GHCND:USW00012839,10.7,25.82389,-80.29972,19970516,86,76
GHCND:USW00012839,10.7,25.82389,-80.29972,19970517,82,73
GHCND:USW00012839,10.7,25.82389,-80.29972,19970518,88,74
GHCND:USW00012839,10.7,25.82389,-80.29972,19970519,87,79
GHCND:USW00012839,10.7,25.82389,-80.29972,19970520,88,77
GHCND:USW00012839,10.7,25.82389,-80.29972,19970521,91,77
GHCND:USW00012839,10.7,25.82389,-80.29972,19970522,94,75
GHCND:USW00012839,10.7,25.82389,-80.29972,19970523,87,77
GHCND:USW00012839,10.7,25.82389,-80.29972,19970524,85,78
GHCND:USW00012839,10.7,25.82389,-80.29972,19970525,85,76
GHCND:USW00012839,10.7,25.82389,-80.29972,19970526,89,77
GHCND:USW00012839,10.7,25.82389,-80.29972,19970527,89,70
GHCND:USW00012839,10.7,25.82389,-80.29972,19970528,90,69
GHCND:USW00012839,10.7,25.82389,-80.29972,19970529,84,77
GHCND:USW00012839,10.7,25.82389,-80.29972,19970530,86,74
GHCND:USW00012839,10.7,25.82389,-80.29972,19970531,91,74
GHCND:USW00012839,10.7,25.82389,-80.29972,19970601,88,76
GHCND:USW00012839,10.7,25.82389,-80.29972,19970602,89,72
GHCND:USW00012839,10.7,25.82389,-80.29972,19970603,89,75
GHCND:USW00012839,10.7,25.82389,-80.29972,19970604,89,74
GHCND:USW00012839,10.7,25.82389,-80.29972,19970605,86,74
GHCND:USW00012839,10.7,25.82389,-80.29972,19970606,90,72
GHCND:USW00012839,10.7,25.82389,-80.29972,19970607,90,73
GHCND:USW00012839,10.7,25.82389,-80.29972,19970608,85,75
GHCND:USW00012839,10.7,25.82389,-80.29972,19970609,83,72
GHCND:USW00012839,10.7,25.82389,-80.29972,19970610,87,73
GHCND:USW00012839,10.7,25.82389,-80.29972,19970611,89,76
GHCND:USW00012839,10.7,25.82389,-80.29972,19970612,85,72
GHCND:USW00012839,10.7,25.82389,-80.29972,19970613,91,77
GHCND:USW00012839,10.7,25.82389,-80.29972,19970614,91,74
GHCND:USW00012839,10.7,25.82389,-80.29972,19970615,89,74
GHCND:USW00012839,10.7,25.82389,-80.29972,19970616,92,76
GHCND:USW00012839,10.7,25.82389,-80.29972,19970617,92,76
GHCND:USW00012839,10.7,25.82389,-80.29972,19970618,91,72
GHCND:USW00012839,10.7,25.82389,-80.29972,19970619,92,75
GHCND:USW00012839,10.7,25.82389,-80.29972,19970620,91,73
GHCND:USW00012839,10.7,25.82389,-80.29972,19970621,90,77
GHCND:USW00012839,10.7,25.82389,-80.29972,19970622,84,74
GHCND:USW00012839,10.7,25.82389,-80.29972,19970623,89,76
GHCND:USW00012839,10.7,25.82389,-80.29972,19970624,89,78
GHCND:USW00012839,10.7,25.82389,-80.29972,19970625,92,77
GHCND:USW00012839,10.7,25.82389,-80.29972,19970626,90,80
GHCND:USW00012839,10.7,25.82389,-80.29972,19970627,90,79
GHCND:USW00012839,10.7,25.82389,-80.29972,19970628,89,78
GHCND:USW00012839,10.7,25.82389,-80.29972,19970629,91,80
GHCND:USW00012839,10.7,25.82389,-80.29972,19970630,90,75
GHCND:USW00012839,10.7,25.82389,-80.29972,19970701,94,77
GHCND:USW00012839,10.7,25.82389,-80.29972,19970702,91,79
GHCND:USW00012839,10.7,25.82389,-80.29972,19970703,93,74
GHCND:USW00012839,10.7,25.82389,-80.29972,19970704,92,74
GHCND:USW00012839,10.7,25.82389,-80.29972,19970705,92,77
GHCND:USW00012839,10.7,25.82389,-80.29972,19970706,91,73
GHCND:USW00012839,10.7,25.82389,-80.29972,19970707,91,79
GHCND:USW00012839,10.7,25.82389,-80.29972,19970708,92,81
GHCND:USW00012839,10.7,25.82389,-80.29972,19970709,91,78
GHCND:USW00012839,10.7,25.82389,-80.29972,19970710,89,76
GHCND:USW00012839,10.7,25.82389,-80.29972,19970711,91,76
GHCND:USW00012839,10.7,25.82389,-80.29972,19970712,92,74
GHCND:USW00012839,10.7,25.82389,-80.29972,19970713,89,73
GHCND:USW00012839,10.7,25.82389,-80.29972,19970714,89,76
GHCND:USW00012839,10.7,25.82389,-80.29972,19970715,90,75
GHCND:USW00012839,10.7,25.82389,-80.29972,19970716,87,76
GHCND:USW00012839,10.7,25.82389,-80.29972,19970717,90,77
GHCND:USW00012839,10.7,25.82389,-80.29972,19970718,89,77
GHCND:USW00012839,10.7,25.82389,-80.29972,19970719,90,73
GHCND:USW00012839,10.7,25.82389,-80.29972,19970720,90,74
GHCND:USW00012839,10.7,25.82389,-80.29972,19970721,90,76
GHCND:USW00012839,10.7,25.82389,-80.29972,19970722,89,79
GHCND:USW00012839,10.7,25.82389,-80.29972,19970723,90,81
GHCND:USW00012839,10.7,25.82389,-80.29972,19970724,90,82
GHCND:USW00012839,10.7,25.82389,-80.29972,19970725,91,81
GHCND:USW00012839,10.7,25.82389,-80.29972,19970726,91,80
GHCND:USW00012839,10.7,25.82389,-80.29972,19970727,91,80
GHCND:USW00012839,10.7,25.82389,-80.29972,19970728,91,82
GHCND:USW00012839,10.7,25.82389,-80.29972,19970729,92,80
GHCND:USW00012839,10.7,25.82389,-80.29972,19970730,92,80
GHCND:USW00012839,10.7,25.82389,-80.29972,19970731,92,81
GHCND:USW00012839,10.7,25.82389,-80.29972,19970801,92,77
GHCND:USW00012839,10.7,25.82389,-80.29972,19970802,91,78
GHCND:USW00012839,10.7,25.82389,-80.29972,19970803,93,73
GHCND:USW00012839,10.7,25.82389,-80.29972,19970804,93,76
GHCND:USW00012839,10.7,25.82389,-80.29972,19970805,93,78
GHCND:USW00012839,10.7,25.82389,-80.29972,19970806,91,79
GHCND:USW00012839,10.7,25.82389,-80.29972,19970807,94,78
GHCND:USW00012839,10.7,25.82389,-80.29972,19970808,91,77
GHCND:USW00012839,10.7,25.82389,-80.29972,19970809,89,74
GHCND:USW00012839,10.7,25.82389,-80.29972,19970810,90,76
GHCND:USW00012839,10.7,25.82389,-80.29972,19970811,92,77
GHCND:USW00012839,10.7,25.82389,-80.29972,19970812,92,79
GHCND:USW00012839,10.7,25.82389,-80.29972,19970813,91,79
GHCND:USW00012839,10.7,25.82389,-80.29972,19970814,92,78
GHCND:USW00012839,10.7,25.82389,-80.29972,19970815,91,78
GHCND:USW00012839,10.7,25.82389,-80.29972,19970816,91,78
GHCND:USW00012839,10.7,25.82389,-80.29972,19970817,91,82
GHCND:USW00012839,10.7,25.82389,-80.29972,19970818,92,81
GHCND:USW00012839,10.7,25.82389,-80.29972,19970819,93,81
GHCND:USW00012839,10.7,25.82389,-80.29972,19970820,92,81
GHCND:USW00012839,10.7,25.82389,-80.29972,19970821,91,78
GHCND:USW00012839,10.7,25.82389,-80.29972,19970822,91,78
GHCND:USW00012839,10.7,25.82389,-80.29972,19970823,93,80
GHCND:USW00012839,10.7,25.82389,-80.29972,19970824,91,73
GHCND:USW00012839,10.7,25.82389,-80.29972,19970825,91,74
GHCND:USW00012839,10.7,25.82389,-80.29972,19970826,87,75
GHCND:USW00012839,10.7,25.82389,-80.29972,19970827,90,76
GHCND:USW00012839,10.7,25.82389,-80.29972,19970828,89,75
GHCND:USW00012839,10.7,25.82389,-80.29972,19970829,90,77
GHCND:USW00012839,10.7,25.82389,-80.29972,19970830,89,79
GHCND:USW00012839,10.7,25.82389,-80.29972,19970831,89,77
GHCND:USW00012839,10.7,25.82389,-80.29972,19970901,90,76
GHCND:USW00012839,10.7,25.82389,-80.29972,19970902,88,78
GHCND:USW00012839,10.7,25.82389,-80.29972,19970903,91,78
GHCND:USW00012839,10.7,25.82389,-80.29972,19970904,87,76
GHCND:USW00012839,10.7,25.82389,-80.29972,19970905,84,75
GHCND:USW00012839,10.7,25.82389,-80.29972,19970906,82,74
GHCND:USW00012839,10.7,25.82389,-80.29972,19970907,87,74
GHCND:USW00012839,10.7,25.82389,-80.29972,19970908,89,73
GHCND:USW00012839,10.7,25.82389,-80.29972,19970909,88,77
GHCND:USW00012839,10.7,25.82389,-80.29972,19970910,89,76
GHCND:USW00012839,10.7,25.82389,-80.29972,19970911,89,77
GHCND:USW00012839,10.7,25.82389,-80.29972,19970912,88,74
GHCND:USW00012839,10.7,25.82389,-80.29972,19970913,89,74
GHCND:USW00012839,10.7,25.82389,-80.29972,19970914,84,74
GHCND:USW00012839,10.7,25.82389,-80.29972,19970915,82,73
GHCND:USW00012839,10.7,25.82389,-80.29972,19970916,88,74
GHCND:USW00012839,10.7,25.82389,-80.29972,19970917,86,73
GHCND:USW00012839,10.7,25.82389,-80.29972,19970918,89,77
GHCND:USW00012839,10.7,25.82389,-80.29972,19970919,86,75
GHCND:USW00012839,10.7,25.82389,-80.29972,19970920,87,75
GHCND:USW00012839,10.7,25.82389,-80.29972,19970921,85,75
GHCND:USW00012839,10.7,25.82389,-80.29972,19970922,89,75
GHCND:USW00012839,10.7,25.82389,-80.29972,19970923,88,74
GHCND:USW00012839,10.7,25.82389,-80.29972,19970924,90,75
GHCND:USW00012839,10.7,25.82389,-80.29972,19970925,90,79
GHCND:USW00012839,10.7,25.82389,-80.29972,19970926,89,77
GHCND:USW00012839,10.7,25.82389,-80.29972,19970927,89,76
GHCND:USW00012839,10.7,25.82389,-80.29972,19970928,90,76
GHCND:USW00012839,10.7,25.82389,-80.29972,19970929,88,76
GHCND:USW00012839,10.7,25.82389,-80.29972,19970930,87,76
GHCND:USW00012839,10.7,25.82389,-80.29972,19971001,86,74
GHCND:USW00012839,10.7,25.82389,-80.29972,19971002,87,72
GHCND:USW00012839,10.7,25.82389,-80.29972,19971003,89,74
GHCND:USW00012839,10.7,25.82389,-80.29972,19971004,87,73
GHCND:USW00012839,10.7,25.82389,-80.29972,19971005,88,77
GHCND:USW00012839,10.7,25.82389,-80.29972,19971006,86,75
GHCND:USW00012839,10.7,25.82389,-80.29972,19971007,86,76
GHCND:USW00012839,10.7,25.82389,-80.29972,19971008,87,75
GHCND:USW00012839,10.7,25.82389,-80.29972,19971009,87,74
GHCND:USW00012839,10.7,25.82389,-80.29972,19971010,88,74
GHCND:USW00012839,10.7,25.82389,-80.29972,19971011,85,75
GHCND:USW00012839,10.7,25.82389,-80.29972,19971012,87,75
GHCND:USW00012839,10.7,25.82389,-80.29972,19971013,86,76
GHCND:USW00012839,10.7,25.82389,-80.29972,19971014,84,74
GHCND:USW00012839,10.7,25.82389,-80.29972,19971015,84,73
GHCND:USW00012839,10.7,25.82389,-80.29972,19971016,84,72
GHCND:USW00012839,10.7,25.82389,-80.29972,19971017,85,71
GHCND:USW00012839,10.7,25.82389,-80.29972,19971018,83,71
GHCND:USW00012839,10.7,25.82389,-80.29972,19971019,79,66
GHCND:USW00012839,10.7,25.82389,-80.29972,19971020,80,61
GHCND:USW00012839,10.7,25.82389,-80.29972,19971021,81,69
GHCND:USW00012839,10.7,25.82389,-80.29972,19971022,84,68
GHCND:USW00012839,10.7,25.82389,-80.29972,19971023,83,65
GHCND:USW00012839,10.7,25.82389,-80.29972,19971024,82,67
GHCND:USW00012839,10.7,25.82389,-80.29972,19971025,87,76
GHCND:USW00012839,10.7,25.82389,-80.29972,19971026,86,77
GHCND:USW00012839,10.7,25.82389,-80.29972,19971027,90,76
GHCND:USW00012839,10.7,25.82389,-80.29972,19971028,78,68
GHCND:USW00012839,10.7,25.82389,-80.29972,19971029,84,67
GHCND:USW00012839,10.7,25.82389,-80.29972,19971030,84,74
GHCND:USW00012839,10.7,25.82389,-80.29972,19971031,86,74
GHCND:USW00012839,10.7,25.82389,-80.29972,19971101,86,76
GHCND:USW00012839,10.7,25.82389,-80.29972,19971102,89,75
GHCND:USW00012839,10.7,25.82389,-80.29972,19971103,78,67
GHCND:USW00012839,10.7,25.82389,-80.29972,19971104,74,65
GHCND:USW00012839,10.7,25.82389,-80.29972,19971105,79,64
GHCND:USW00012839,10.7,25.82389,-80.29972,19971106,85,69
GHCND:USW00012839,10.7,25.82389,-80.29972,19971107,82,63
GHCND:USW00012839,10.7,25.82389,-80.29972,19971108,72,59
GHCND:USW00012839,10.7,25.82389,-80.29972,19971109,74,52
GHCND:USW00012839,10.7,25.82389,-80.29972,19971110,78,58
GHCND:USW00012839,10.7,25.82389,-80.29972,19971111,81,63
GHCND:USW00012839,10.7,25.82389,-80.29972,19971112,81,68
GHCND:USW00012839,10.7,25.82389,-80.29972,19971113,84,76
GHCND:USW00012839,10.7,25.82389,-80.29972,19971114,83,73
GHCND:USW00012839,10.7,25.82389,-80.29972,19971115,83,67
GHCND:USW00012839,10.7,25.82389,-80.29972,19971116,80,68
GHCND:USW00012839,10.7,25.82389,-80.29972,19971117,78,64
GHCND:USW00012839,10.7,25.82389,-80.29972,19971118,79,64
GHCND:USW00012839,10.7,25.82389,-80.29972,19971119,80,68
GHCND:USW00012839,10.7,25.82389,-80.29972,19971120,81,66
GHCND:USW00012839,10.7,25.82389,-80.29972,19971121,81,74
GHCND:USW00012839,10.7,25.82389,-80.29972,19971122,84,74
GHCND:USW00012839,10.7,25.82389,-80.29972,19971123,81,72
GHCND:USW00012839,10.7,25.82389,-80.29972,19971124,77,71
GHCND:USW00012839,10.7,25.82389,-80.29972,19971125,78,71
GHCND:USW00012839,10.7,25.82389,-80.29972,19971126,79,69
GHCND:USW00012839,10.7,25.82389,-80.29972,19971127,80,65
GHCND:USW00012839,10.7,25.82389,-80.29972,19971128,82,68
GHCND:USW00012839,10.7,25.82389,-80.29972,19971129,80,73
GHCND:USW00012839,10.7,25.82389,-80.29972,19971130,86,70
GHCND:USW00012839,10.7,25.82389,-80.29972,19971201,76,64
GHCND:USW00012839,10.7,25.82389,-80.29972,19971202,78,60
GHCND:USW00012839,10.7,25.82389,-80.29972,19971203,79,66
GHCND:USW00012839,10.7,25.82389,-80.29972,19971204,77,68
GHCND:USW00012839,10.7,25.82389,-80.29972,19971205,73,60
GHCND:USW00012839,10.7,25.82389,-80.29972,19971206,67,54
GHCND:USW00012839,10.7,25.82389,-80.29972,19971207,64,50
GHCND:USW00012839,10.7,25.82389,-80.29972,19971208,70,51
GHCND:USW00012839,10.7,25.82389,-80.29972,19971209,86,66
GHCND:USW00012839,10.7,25.82389,-80.29972,19971210,85,70
GHCND:USW00012839,10.7,25.82389,-80.29972,19971211,85,74
GHCND:USW00012839,10.7,25.82389,-80.29972,19971212,85,74
GHCND:USW00012839,10.7,25.82389,-80.29972,19971213,81,70
GHCND:USW00012839,10.7,25.82389,-80.29972,19971214,74,58
GHCND:USW00012839,10.7,25.82389,-80.29972,19971215,64,56
GHCND:USW00012839,10.7,25.82389,-80.29972,19971216,71,53
GHCND:USW00012839,10.7,25.82389,-80.29972,19971217,71,54
GHCND:USW00012839,10.7,25.82389,-80.29972,19971218,64,51
GHCND:USW00012839,10.7,25.82389,-80.29972,19971219,76,57
GHCND:USW00012839,10.7,25.82389,-80.29972,19971220,78,59
GHCND:USW00012839,10.7,25.82389,-80.29972,19971221,80,69
GHCND:USW00012839,10.7,25.82389,-80.29972,19971222,81,72
GHCND:USW00012839,10.7,25.82389,-80.29972,19971223,81,71
GHCND:USW00012839,10.7,25.82389,-80.29972,19971224,81,73
GHCND:USW00012839,10.7,25.82389,-80.29972,19971225,83,74
GHCND:USW00012839,10.7,25.82389,-80.29972,19971226,83,73
GHCND:USW00012839,10.7,25.82389,-80.29972,19971227,84,62
GHCND:USW00012839,10.7,25.82389,-80.29972,19971228,62,55
GHCND:USW00012839,10.7,25.82389,-80.29972,19971229,67,56
GHCND:USW00012839,10.7,25.82389,-80.29972,19971230,67,54
GHCND:USW00012839,10.7,25.82389,-80.29972,19971231,73,51
GHCND:USW00012839,10.7,25.82389,-80.29972,19980101,68,49
GHCND:USW00012839,10.7,25.82389,-80.29972,19980102,76,66
GHCND:USW00012839,10.7,25.82389,-80.29972,19980103,78,70
GHCND:USW00012839,10.7,25.82389,-80.29972,19980104,82,71
GHCND:USW00012839,10.7,25.82389,-80.29972,19980105,82,73
GHCND:USW00012839,10.7,25.82389,-80.29972,19980106,80,71
GHCND:USW00012839,10.7,25.82389,-80.29972,19980107,81,74
GHCND:USW00012839,10.7,25.82389,-80.29972,19980108,84,69
GHCND:USW00012839,10.7,25.82389,-80.29972,19980109,80,70
GHCND:USW00012839,10.7,25.82389,-80.29972,19980110,76,65
GHCND:USW00012839,10.7,25.82389,-80.29972,19980111,77,63
GHCND:USW00012839,10.7,25.82389,-80.29972,19980112,79,60
GHCND:USW00012839,10.7,25.82389,-80.29972,19980113,79,66
GHCND:USW00012839,10.7,25.82389,-80.29972,19980114,78,66
GHCND:USW00012839,10.7,25.82389,-80.29972,19980115,79,68
GHCND:USW00012839,10.7,25.82389,-80.29972,19980116,77,60
GHCND:USW00012839,10.7,25.82389,-80.29972,19980117,69,56
GHCND:USW00012839,10.7,25.82389,-80.29972,19980118,73,56
GHCND:USW00012839,10.7,25.82389,-80.29972,19980119,76,61
GHCND:USW00012839,10.7,25.82389,-80.29972,19980120,76,64
GHCND:USW00012839,10.7,25.82389,-80.29972,19980121,78,67
GHCND:USW00012839,10.7,25.82389,-80.29972,19980122,78,71
GHCND:USW00012839,10.7,25.82389,-80.29972,19980123,80,73
GHCND:USW00012839,10.7,25.82389,-80.29972,19980124,78,61
GHCND:USW00012839,10.7,25.82389,-80.29972,19980125,69,56
GHCND:USW00012839,10.7,25.82389,-80.29972,19980126,75,67
GHCND:USW00012839,10.7,25.82389,-80.29972,19980127,78,62
GHCND:USW00012839,10.7,25.82389,-80.29972,19980128,70,56
GHCND:USW00012839,10.7,25.82389,-80.29972,19980129,69,51
GHCND:USW00012839,10.7,25.82389,-80.29972,19980130,73,51
GHCND:USW00012839,10.7,25.82389,-80.29972,19980131,73,59
GHCND:USW00012839,10.7,25.82389,-80.29972,19980201,76,56
GHCND:USW00012839,10.7,25.82389,-80.29972,19980202,77,68
GHCND:USW00012839,10.7,25.82389,-80.29972,19980203,74,67
GHCND:USW00012839,10.7,25.82389,-80.29972,19980204,72,63
GHCND:USW00012839,10.7,25.82389,-80.29972,19980205,73,57
GHCND:USW00012839,10.7,25.82389,-80.29972,19980206,66,52
GHCND:USW00012839,10.7,25.82389,-80.29972,19980207,63,51
GHCND:USW00012839,10.7,25.82389,-80.29972,19980208,65,50
GHCND:USW00012839,10.7,25.82389,-80.29972,19980209,66,50
GHCND:USW00012839,10.7,25.82389,-80.29972,19980210,74,53
GHCND:USW00012839,10.7,25.82389,-80.29972,19980211,76,64
GHCND:USW00012839,10.7,25.82389,-80.29972,19980212,81,63
GHCND:USW00012839,10.7,25.82389,-80.29972,19980213,79,60
GHCND:USW00012839,10.7,25.82389,-80.29972,19980214,75,61
GHCND:USW00012839,10.7,25.82389,-80.29972,19980215,75,63
GHCND:USW00012839,10.7,25.82389,-80.29972,19980216,80,72
GHCND:USW00012839,10.7,25.82389,-80.29972,19980217,84,72
GHCND:USW00012839,10.7,25.82389,-80.29972,19980218,81,64
GHCND:USW00012839,10.7,25.82389,-80.29972,19980219,84,70
GHCND:USW00012839,10.7,25.82389,-80.29972,19980220,81,71
GHCND:USW00012839,10.7,25.82389,-80.29972,19980221,79,64
GHCND:USW00012839,10.7,25.82389,-80.29972,19980222,82,73
GHCND:USW00012839,10.7,25.82389,-80.29972,19980223,80,63
GHCND:USW00012839,10.7,25.82389,-80.29972,19980224,73,57
GHCND:USW00012839,10.7,25.82389,-80.29972,19980225,76,54
GHCND:USW00012839,10.7,25.82389,-80.29972,19980226,77,61
GHCND:USW00012839,10.7,25.82389,-80.29972,19980227,83,69
GHCND:USW00012839,10.7,25.82389,-80.29972,19980228,84,72
GHCND:USW00012839,10.7,25.82389,-80.29972,19980301,81,66
GHCND:USW00012839,10.7,25.82389,-80.29972,19980302,73,57
GHCND:USW00012839,10.7,25.82389,-80.29972,19980303,71,54
GHCND:USW00012839,10.7,25.82389,-80.29972,19980304,69,56
GHCND:USW00012839,10.7,25.82389,-80.29972,19980305,75,54
GHCND:USW00012839,10.7,25.82389,-80.29972,19980306,78,66
GHCND:USW00012839,10.7,25.82389,-80.29972,19980307,80,68
GHCND:USW00012839,10.7,25.82389,-80.29972,19980308,83,73
GHCND:USW00012839,10.7,25.82389,-80.29972,19980309,79,62
GHCND:USW00012839,10.7,25.82389,-80.29972,19980310,68,55
GHCND:USW00012839,10.7,25.82389,-80.29972,19980311,68,49
GHCND:USW00012839,10.7,25.82389,-80.29972,19980312,67,50
GHCND:USW00012839,10.7,25.82389,-80.29972,19980313,73,49
GHCND:USW00012839,10.7,25.82389,-80.29972,19980314,75,56
GHCND:USW00012839,10.7,25.82389,-80.29972,19980315,75,61
GHCND:USW00012839,10.7,25.82389,-80.29972,19980316,77,64
GHCND:USW00012839,10.7,25.82389,-80.29972,19980317,79,69
GHCND:USW00012839,10.7,25.82389,-80.29972,19980318,80,72
GHCND:USW00012839,10.7,25.82389,-80.29972,19980319,79,66
GHCND:USW00012839,10.7,25.82389,-80.29972,19980320,84,66
GHCND:USW00012839,10.7,25.82389,-80.29972,19980321,76,62
GHCND:USW00012839,10.7,25.82389,-80.29972,19980322,67,58
GHCND:USW00012839,10.7,25.82389,-80.29972,19980323,73,56
GHCND:USW00012839,10.7,25.82389,-80.29972,19980324,77,58
GHCND:USW00012839,10.7,25.82389,-80.29972,19980325,79,60
GHCND:USW00012839,10.7,25.82389,-80.29972,19980326,79,69
GHCND:USW00012839,10.7,25.82389,-80.29972,19980327,80,71
GHCND:USW00012839,10.7,25.82389,-80.29972,19980328,82,72
GHCND:USW00012839,10.7,25.82389,-80.29972,19980329,82,71
GHCND:USW00012839,10.7,25.82389,-80.29972,19980330,83,72
GHCND:USW00012839,10.7,25.82389,-80.29972,19980331,82,73
GHCND:USW00012839,10.7,25.82389,-80.29972,19980401,82,74
GHCND:USW00012839,10.7,25.82389,-80.29972,19980402,84,70
GHCND:USW00012839,10.7,25.82389,-80.29972,19980403,85,71
GHCND:USW00012839,10.7,25.82389,-80.29972,19980404,89,72
GHCND:USW00012839,10.7,25.82389,-80.29972,19980405,83,70
GHCND:USW00012839,10.7,25.82389,-80.29972,19980406,82,68
GHCND:USW00012839,10.7,25.82389,-80.29972,19980407,83,71
GHCND:USW00012839,10.7,25.82389,-80.29972,19980408,85,74
GHCND:USW00012839,10.7,25.82389,-80.29972,19980409,90,76
GHCND:USW00012839,10.7,25.82389,-80.29972,19980410,81,64
GHCND:USW00012839,10.7,25.82389,-80.29972,19980411,72,61
GHCND:USW00012839,10.7,25.82389,-80.29972,19980412,79,59
GHCND:USW00012839,10.7,25.82389,-80.29972,19980413,76,65
GHCND:USW00012839,10.7,25.82389,-80.29972,19980414,79,68
GHCND:USW00012839,10.7,25.82389,-80.29972,19980415,81,66
GHCND:USW00012839,10.7,25.82389,-80.29972,19980416,82,71
GHCND:USW00012839,10.7,25.82389,-80.29972,19980417,83,73
GHCND:USW00012839,10.7,25.82389,-80.29972,19980418,84,74
GHCND:USW00012839,10.7,25.82389,-80.29972,19980419,84,72
GHCND:USW00012839,10.7,25.82389,-80.29972,19980420,87,70
GHCND:USW00012839,10.7,25.82389,-80.29972,19980421,89,75
GHCND:USW00012839,10.7,25.82389,-80.29972,19980422,84,68
GHCND:USW00012839,10.7,25.82389,-80.29972,19980423,79,62
GHCND:USW00012839,10.7,25.82389,-80.29972,19980424,78,61
GHCND:USW00012839,10.7,25.82389,-80.29972,19980425,79,62
GHCND:USW00012839,10.7,25.82389,-80.29972,19980426,83,70
GHCND:USW00012839,10.7,25.82389,-80.29972,19980427,84,74
GHCND:USW00012839,10.7,25.82389,-80.29972,19980428,85,73
GHCND:USW00012839,10.7,25.82389,-80.29972,19980429,79,72
GHCND:USW00012839,10.7,25.82389,-80.29972,19980430,86,75
GHCND:USW00012839,10.7,25.82389,-80.29972,19980501,88,67
GHCND:USW00012839,10.7,25.82389,-80.29972,19980502,87,67
GHCND:USW00012839,10.7,25.82389,-80.29972,19980503,86,68
GHCND:USW00012839,10.7,25.82389,-80.29972,19980504,87,62
